www.usac.edu.gt,.,1,8,192.115.106.35#53(192.115.106.35),SECURE
www.usac.edu.gt,gt.,1,8,192.5.5.241#53(f.root-servers.net),INSECURE
www.usac.edu.gt,usac.edu.gt.,0,-1,200.0.68.10#53(a.lactld.org),INSECURE
www.usac.edu.gt,usac.edu.gt.,0,-1,168.234.75.252#53(ns1.usac.edu.gt),INSECURE
,,,,,
www.asisehace.gt,.,1,8,192.115.106.35#53(192.115.106.35),SECURE
www.asisehace.gt,gt.,1,8,192.33.4.12#53(c.root-servers.net),INSECURE
www.asisehace.gt,asisehace.gt.,0,-1,200.33.111.1#53(ns3.nic.mx),INSECURE
www.asisehace.gt,asisehace.gt.,0,-1,173.201.72.15#53(ns30.domaincontrol.com),INSECURE
,,,,,
www.publinews.gt,.,1,8,192.115.106.35#53(192.115.106.35),SECURE
www.publinews.gt,gt.,1,8,193.0.14.129#53(k.root-servers.net),INSECURE
www.publinews.gt,publinews.gt.,0,-1,200.0.68.10#53(a.lactld.org),INSECURE
www.publinews.gt,www.publinews.gt.,0,-1,23.92.29.43#53(ns1.regzone.de),INSECURE
,,,,,
registry.gy,.,1,8,192.115.106.35#53(192.115.106.35),SECURE
registry.gy,gy.,1,8,192.33.4.12#53(c.root-servers.net),SECURE
registry.gy,J38RQ5VMFTU6LDBBSD6017OVCJ9L00R3.gy.,1,8,185.17.236.93#53(ns.cocca.fr),SECURE
registry.gy,registry.gy.,0,-1,204.13.250.21#53(ns2.p21.dynect.net),INSECURE
,,,,,
www.dpi.gov.gy,.,1,8,192.115.106.35#53(192.115.106.35),SECURE
www.dpi.gov.gy,gy.,1,8,199.9.14.201#53(b.root-servers.net),SECURE
www.dpi.gov.gy,gov.gy.,1,8,192.5.4.1#53(sns-pb.isc.org),SECURE
www.dpi.gov.gy,dpi.gov.gy.,0,-1,161.47.124.191#53(ns2.government.gy),INSECURE
,,,,,
www.uog.edu.gy,.,1,8,192.115.106.35#53(192.115.106.35),SECURE
www.uog.edu.gy,gy.,1,8,192.58.128.30#53(j.root-servers.net),SECURE
www.uog.edu.gy,edu.gy.,1,8,204.61.216.34#53(gy-ns.anycast.pch.net),SECURE
www.uog.edu.gy,uog.edu.gy.,0,-1,204.13.250.21#53(ns2.p21.dynect.net),INSECURE
,,,,,
nic.ht,.,1,8,192.115.106.35#53(192.115.106.35),SECURE
nic.ht,ht.,1,8,199.7.91.13#53(d.root-servers.net),INSECURE
nic.ht,nic.ht.,0,-1,192.134.0.49#53(ns3.nic.fr),INSECURE
nic.ht,nic.ht.,0,-1,162.210.99.100#53(dns1.frddh.org.ht),INSECURE
,,,,,
www.rtnh.ht,.,1,8,192.115.106.35#53(192.115.106.35),SECURE
www.rtnh.ht,ht.,1,8,192.33.4.12#53(c.root-servers.net),INSECURE
www.rtnh.ht,rtnh.ht.,0,-1,185.17.236.93#53(ns.cocca.fr),INSECURE
www.rtnh.ht,rtnh.ht.,0,-1,35.182.190.110#53(ns2.hostingpanel1.com),INSECURE
,,,,,
natcom.com.ht,.,1,8,192.115.106.35#53(192.115.106.35),SECURE
natcom.com.ht,ht.,1,8,192.5.5.241#53(f.root-servers.net),INSECURE
natcom.com.ht,natcom.com.ht.,0,-1,185.17.236.93#53(ns.cocca.fr),INSECURE
natcom.com.ht,natcom.com.ht.,0,-1,186.1.192.2#53(dns2.natcom.com.ht),INSECURE
,,,,,
www.elheraldo.hn,.,1,8,192.115.106.35#53(192.115.106.35),SECURE
www.elheraldo.hn,hn.,1,8,202.12.27.33#53(m.root-servers.net),SECURE
www.elheraldo.hn,6CTLF0QOIUEU74A647DNTU9NSHRNJFG4.hn.,1,8,200.33.111.1#53(nicmx-anycast.rds.org.hn),INSECURE
www.elheraldo.hn,elheraldo.hn.,0,-1,205.251.198.121#53(ns-1657.awsdns-15.co.uk),INSECURE
,,,,,
www.laprensa.hn,.,1,8,192.115.106.35#53(192.115.106.35),SECURE
www.laprensa.hn,hn.,1,8,198.97.190.53#53(h.root-servers.net),SECURE
www.laprensa.hn,BOLSCEBNN5TO3JSK8BT1PDCM56LSKMNU.hn.,1,8,200.33.111.1#53(nicmx-anycast.rds.org.hn),INSECURE
www.laprensa.hn,laprensa.hn.,0,-1,205.251.196.55#53(ns-1079.awsdns-06.org),INSECURE
,,,,,
www.tiempo.hn,.,1,8,192.115.106.35#53(192.115.106.35),SECURE
www.tiempo.hn,hn.,1,8,192.36.148.17#53(i.root-servers.net),SECURE
www.tiempo.hn,QFH1D7A0SANLBN0DD6QHJ9CBPSTLUSB9.hn.,1,8,200.33.111.1#53(nicmx-anycast.rds.org.hn),SECURE
www.tiempo.hn,tiempo.hn.,1,8,190.92.0.5#53(ns1.cablecolor.hn),SECURE
,,,,,
www.price.com.hk,.,1,8,192.115.106.35#53(192.115.106.35),SECURE
www.price.com.hk,hk.,1,8,192.58.128.30#53(j.root-servers.net),SECURE
www.price.com.hk,de64ekrvvcejhnvrdeh28pige552opsb.com.hk.,1,8,202.45.188.39#53(x.hkirc.net.hk),SECURE
www.price.com.hk,www.price.com.hk.,0,-1,173.245.59.177#53(isaac.ns.cloudflare.com),INSECURE
,,,,,
www.etnet.com.hk,.,1,8,192.115.106.35#53(192.115.106.35),SECURE
www.etnet.com.hk,hk.,1,8,198.97.190.53#53(h.root-servers.net),SECURE
www.etnet.com.hk,cudbhk0gisb2pujtvrtcp4n0vc5e1ola.com.hk.,1,8,194.146.106.70#53(z.hkirc.net.hk),SECURE
www.etnet.com.hk,etnet.com.hk.,0,-1,202.62.195.3#53(dns04.etnet.com.hk),INSECURE
,,,,,
www.discuss.com.hk,.,1,8,192.115.106.35#53(192.115.106.35),SECURE
www.discuss.com.hk,hk.,1,8,192.203.230.10#53(e.root-servers.net),SECURE
www.discuss.com.hk,3l7tekbco48e4q3v7nb2msid2et7p6n1.com.hk.,1,8,203.119.2.218#53(c.hkirc.net.hk),SECURE
www.discuss.com.hk,www.discuss.com.hk.,0,-1,173.245.58.132#53(lola.ns.cloudflare.com),INSECURE
,,,,,
www.origo.hu,.,1,8,192.115.106.35#53(192.115.106.35),SECURE
www.index.hu,hu.,1,8,192.36.148.17#53(i.root-servers.net),SECURE
www.origo.hu,dbf79qgbu9oorptj0djffu6rs609kk3o.hu.,1,8,193.6.16.1#53(c.hu),SECURE
www.origo.hu,origo.hu.,0,-1,193.225.4.82#53(ans2.telekom.hu),INSECURE
,,,,,
www.index.hu,.,1,8,192.115.106.35#53(192.115.106.35),SECURE
www.index.hu,hu.,1,8,192.36.148.17#53(i.root-servers.net),SECURE
www.index.hu,13lmuvea0o9e9l3ijca9i2kltu06osjl.hu.,1,8,194.0.1.12#53(ns-com.nic.hu),SECURE
www.index.hu,index.hu.,0,-1,217.20.130.10#53(ns.inventra.hu),INSECURE
,,,,,
www.idokep.hu,.,1,8,192.115.106.35#53(192.115.106.35),SECURE
www.idokep.hu,hu.,1,8,192.33.4.12#53(c.root-servers.net),SECURE
www.idokep.hu,ocsaomc5antbheidcht7k6b7senm6692.hu.,1,8,193.239.149.161#53(b.hu),SECURE
www.idokep.hu,idokep.hu.,0,-1,79.172.211.37#53(bika.idokep.hu),INSECURE
,,,,,
www.dv.is,.,1,8,192.115.106.35#53(192.115.106.35),SECURE
www.dv.is,is.,1,8,193.0.14.129#53(k.root-servers.net),SECURE
www.dv.is,8i3k6eklb0ekj6qe5frmfafoqtq4kj4q.is.,1,8,194.146.106.58#53(sab.isnic.is),SECURE
www.dv.is,dv.is.,0,-1,217.28.178.10#53(ns01.t.is),INSECURE
,,,,,
www.mbl.is,.,1,8,192.115.106.35#53(192.115.106.35),SECURE
www.mbl.is,is.,1,8,193.0.14.129#53(k.root-servers.net),SECURE
www.mbl.is,0g80nkq659oem446pm9nbr7m4e8bp2uq.is.,1,8,204.61.216.116#53(bes.isnic.is),SECURE
www.mbl.is,mbl.is.,0,-1,92.43.192.10#53(sleipnir.mbl.is),INSECURE
,,,,,
www.visir.is,.,1,8,192.115.106.35#53(192.115.106.35),SECURE
www.visir.is,is.,1,8,198.97.190.53#53(h.root-servers.net),SECURE
www.visir.is,q4gm2jb72b5pf12gv8qgmttq61cr0mkj.is.,1,8,194.146.106.58#53(sab.isnic.is),SECURE
www.visir.is,visir.is.,0,-1,213.176.143.102#53(ns2.c.is),INSECURE
,,,,,
www.ssc.nic.in,.,1,8,192.115.106.35#53(192.115.106.35),SECURE
www.ssc.nic.in,in.,1,8,198.41.0.4#53(a.root-servers.net),SECURE
www.ssc.nic.in,nic.in.,1,7,37.209.198.12#53(ns4.neustar.in),SECURE
www.ssc.nic.in,nic.in.,1,5,164.100.2.3#53(ns6.nic.in),SECURE
,,,,,
www.uidai.gov.in,.,1,8,192.115.106.35#53(192.115.106.35),SECURE
www.uidai.gov.in,in.,1,8,192.33.4.12#53(c.root-servers.net),SECURE
www.uidai.gov.in,f20okrchoas6j17mb079pgpjva9cn536.gov.in.,1,7,37.209.198.12#53(ns4.neustar.in),SECURE
www.uidai.gov.in,uidai.gov.in.,0,-1,103.58.114.134#53(ns2.uidai.net.in),INSECURE
,,,,,
www.irctc.co.in,.,1,8,192.115.106.35#53(192.115.106.35),SECURE
www.irctc.co.in,in.,1,8,192.5.5.241#53(f.root-servers.net),SECURE
www.irctc.co.in,2fdbpp93n728ib8kt97u4ugep7t0079i.co.in.,1,7,156.154.101.20#53(ns6.neustar.in),SECURE
www.irctc.co.in,irctc.co.in.,0,-1,203.153.43.65#53(ns1.rcil.gov.in),INSECURE
,,,,,
www.viva.co.id,.,1,8,192.115.106.35#53(192.115.106.35),SECURE
www.viva.co.id,id.,1,8,198.97.190.53#53(h.root-servers.net),SECURE
www.viva.co.id,viva.co.id.,1,10,45.126.57.57#53(d.dns.id),SECURE
www.viva.co.id,www.viva.co.id.,0,-1,173.245.59.142#53(seth.ns.cloudflare.com),INSECURE
,,,,,
www.kaskus.co.id,.,1,8,192.115.106.35#53(192.115.106.35),SECURE
www.kaskus.co.id,id.,1,8,192.5.5.241#53(f.root-servers.net),SECURE
www.kaskus.co.id,kaskus.co.id.,1,10,103.19.179.179#53(b.dns.id),SECURE
www.kaskus.co.id,www.kaskus.co.id.,1,13,46.137.250.62#53(ns2.kaskus.com),SECURE
,,,,,
www.grid.id,.,1,8,192.115.106.35#53(192.115.106.35),SECURE
www.grid.id,id.,1,8,199.7.91.13#53(d.root-servers.net),SECURE
www.grid.id,grid.id.,1,8,103.19.177.177#53(e.dns.id),INSECURE
www.grid.id,grid.id.,0,-1,205.251.199.193#53(ns-1985.awsdns-56.co.uk),INSECURE
,,,,,
www.bankmellat.ir,.,1,8,192.115.106.35#53(192.115.106.35),SECURE
www.bankmellat.ir,ir.,1,8,193.0.14.129#53(k.root-servers.net),INSECURE
www.bankmellat.ir,bankmellat.ir.,0,-1,193.189.122.83#53(b.nic.ir),INSECURE
www.bankmellat.ir,www.bankmellat.ir.,0,-1,176.56.156.4#53(dns.bankmellat.ir),INSECURE
,,,,,
www.shaparak.ir,.,1,8,192.115.106.35#53(192.115.106.35),SECURE
www.shaparak.ir,ir.,1,8,199.9.14.201#53(b.root-servers.net),INSECURE
www.shaparak.ir,shaparak.ir.,0,-1,193.171.255.77#53(ns5.univie.ac.at),INSECURE
www.shaparak.ir,shaparak.ir.,0,-1,185.167.74.25#53(ns2.shaparak.ir),INSECURE
,,,,,
www.divar.ir,.,1,8,192.115.106.35#53(192.115.106.35),SECURE
www.divar.ir,ir.,1,8,192.5.5.241#53(f.root-servers.net),INSECURE
www.divar.ir,divar.ir.,0,-1,193.171.255.77#53(ns5.univie.ac.at),INSECURE
www.divar.ir,divar.ir.,0,-1,195.248.242.48#53(ns3.cafebazaar.ir),INSECURE
,,,,,
www.cmc.iq,.,1,8,192.115.106.35#53(192.115.106.35),SECURE
www.cmc.iq,iq.,0,-1,193.0.14.129#53(k.root-servers.net),INSECURE
www.cmc.iq,cmc.iq.,0,-1,192.5.4.1#53(sns-pb.isc.org),INSECURE
www.cmc.iq,www.cmc.iq.,0,-1,173.245.59.128#53(kip.ns.cloudflare.com),INSECURE
,,,,,
www.molsa.gov.iq,.,1,8,192.115.106.35#53(192.115.106.35),SECURE
www.molsa.gov.iq,iq.,1,8,198.97.190.53#53(h.root-servers.net),INSECURE
www.molsa.gov.iq,molsa.GOV.IQ.,0,-1,199.19.6.8#53(dyn2.cmc.iq),INSECURE
www.molsa.gov.iq,molsa.gov.iq.,0,-1,209.59.181.152#53(ns2.dnscloudgateway.com),INSECURE
,,,,,
www.earthlink.iq,.,1,8,192.115.106.35#53(192.115.106.35),SECURE
www.earthlink.iq,iq.,1,8,192.58.128.30#53(j.root-servers.net),INSECURE
www.earthlink.iq,earthlink.iq.,0,-1,192.5.4.1#53(sns-pb.isc.org),INSECURE
www.earthlink.iq,earthlink.iq.,0,-1,109.224.13.46#53(ns2.earthlinkiq.com),INSECURE
,,,,,
www.rte.ie,.,1,8,192.115.106.35#53(192.115.106.35),SECURE
www.rte.ie,ie.,1,8,192.58.128.30#53(j.root-servers.net),SECURE
www.rte.ie,frbk4ksb1flc0hlamk3gv24ca7aa7n1s.ie.,1,8,192.93.0.4#53(h.ns.ie),SECURE
www.rte.ie,www.rte.ie.,0,-1,162.159.0.73#53(ns1.rte.ie),INSECURE
,,,,,
www.independent.ie,.,1,8,192.115.106.35#53(192.115.106.35),SECURE
www.independent.ie,ie.,1,8,198.41.0.4#53(a.root-servers.net),SECURE
www.independent.ie,f8vpflq0200agdf40buqpl7j6qh77g6d.IE.,1,8,199.19.2.1#53(e.ns.ie),SECURE
www.independent.ie,independent.ie.,0,-1,205.251.196.166#53(ns-1190.awsdns-20.org),INSECURE
,,,,,
www.aib.ie,.,1,8,192.115.106.35#53(192.115.106.35),SECURE
www.aib.ie,ie.,1,8,199.9.14.201#53(b.root-servers.net),SECURE
www.aib.ie,10cals1kmqpu7hfirdjgortulg5h6h5r.ie.,1,8,192.93.0.4#53(h.ns.ie),SECURE
www.aib.ie,aib.ie.,0,-1,69.36.145.33#53(ns6.netnames.net),INSECURE
,,,,,
www.panet.co.il,.,1,8,192.115.106.35#53(192.115.106.35),SECURE
www.panet.co.il,il.,1,8,192.33.4.12#53(c.root-servers.net),SECURE
www.panet.co.il,ujuqmvs1cpp8gvnndmtf3b7kg26tqrle.co.il.,1,8,128.139.34.240#53(lookup.iucc.ac.il),SECURE
www.panet.co.il,www.panet.co.il.,0,-1,173.245.59.149#53(will.ns.cloudflare.com),INSECURE
,,,,,
www.walla.co.il,.,1,8,192.115.106.35#53(192.115.106.35),SECURE
www.walla.co.il,il.,1,8,202.12.27.33#53(m.root-servers.net),SECURE
www.walla.co.il,ju97mp81hj5iul694u8edpg2i0od5qkr.co.il.,1,8,162.88.57.1#53(ns2.ns.il),SECURE
www.walla.co.il,walla.co.il.,0,-1,205.251.198.59#53(ns-1595.awsdns-07.co.uk),INSECURE
,,,,,
www.ynet.co.il,.,1,8,192.115.106.35#53(192.115.106.35),SECURE
www.ynet.co.il,il.,1,8,198.97.190.53#53(h.root-servers.net),SECURE
www.ynet.co.il,nkga74a76nc1b9cctq1bfnkn71hakogq.co.il.,1,8,162.88.57.1#53(ns2.ns.il),SECURE
www.ynet.co.il,www.ynet.co.il.,0,-1,72.246.46.64#53(use1.akam.net),INSECURE
,,,,,
www.subito.it,.,1,8,192.115.106.35#53(192.115.106.35),SECURE
www.subito.it,it.,1,8,198.97.190.53#53(h.root-servers.net),SECURE
www.subito.it,4S053NL2BDGSD5TBF1DRCJ1JKSL7JO23.it.,1,10,193.206.141.46#53(r.dns.it),SECURE
www.subito.it,www.subito.it.,0,-1,23.211.132.66#53(a16-66.akam.net),INSECURE
,,,,,
www.repubblica.it,.,1,8,192.115.106.35#53(192.115.106.35),SECURE
www.repubblica.it,it.,1,8,198.97.190.53#53(h.root-servers.net),SECURE
www.repubblica.it,N940CRDTAK0QCQ01N8UEI8A4Q9QD9686.it.,1,10,193.206.141.46#53(r.dns.it),SECURE
www.repubblica.it,repubblica.it.,0,-1,205.251.197.197#53(ns-1477.awsdns-56.org),INSECURE
,,,,,
www.libero.it,.,1,8,192.115.106.35#53(192.115.106.35),SECURE
www.libero.it,it.,1,8,192.36.148.17#53(i.root-servers.net),SECURE
www.libero.it,ITHHND1GMPGVI9PCT7R253B8F9T2GLAE.it.,1,10,217.29.76.4#53(m.dns.it),SECURE
www.libero.it,www.libero.it.,0,-1,156.154.66.47#53(n1.libero.it),INSECURE
,,,,,
www.jcf.gov.jm,.,1,8,192.115.106.35#53(192.115.106.35),SECURE
www.jcf.gov.jm,jm.,1,8,192.5.5.241#53(f.root-servers.net),INSECURE
www.jcf.gov.jm,jcf.gov.jm.,0,-1,196.2.1.6#53(ns.jm),INSECURE
www.jcf.gov.jm,jcf.gov.jm.,0,-1,200.10.152.152#53(ns1.cwjamaica.com),INSECURE
,,,,,
utech.edu.jm,.,1,8,192.115.106.35#53(192.115.106.35),SECURE
utech.edu.jm,jm.,1,8,199.9.14.201#53(b.root-servers.net),INSECURE
utech.edu.jm,utech.edu.jm.,0,-1,196.3.191.66#53(ns3-jm.fsl.org.jm),INSECURE
utech.edu.jm,utech.edu.jm.,0,-1,200.9.115.10#53(dns.utech.edu.jm),INSECURE
,,,,,
www.gov.jm,.,1,8,192.115.106.35#53(192.115.106.35),SECURE
www.gov.jm,jm.,1,8,199.7.91.13#53(d.root-servers.net),INSECURE
www.gov.jm,www.gov.jm.,0,-1,196.2.1.6#53(ns.jm),INSECURE
www.gov.jm,www.gov.jm.,0,-1,196.3.188.11#53(dns3.fsl.org.jm),INSECURE
,,,,,
www.livedoor.jp,.,1,8,192.115.106.35#53(192.115.106.35),SECURE
www.livedoor.jp,jp.,1,8,199.7.91.13#53(d.root-servers.net),SECURE
www.livedoor.jp,AHINDH16T5P0LO2L90L032B17SMPLBJ7.jp.,1,8,210.138.175.244#53(d.dns.jp),SECURE
www.livedoor.jp,livedoor.com.,0,-1,203.104.137.9#53(ns2.naver.jp),INSECURE
,,,,,
www.nicovideo.jp,.,1,8,192.115.106.35#53(192.115.106.35),SECURE
www.nicovideo.jp,jp.,1,8,198.41.0.4#53(a.root-servers.net),SECURE
www.nicovideo.jp,CSO87PSBSDKGKUSUI9GACKF2QMI4KAJQ.jp.,1,8,192.50.43.53#53(e.dns.jp),SECURE
www.nicovideo.jp,nicovideo.jp.,0,-1,205.251.199.249#53(ns-2041.awsdns-63.co.uk),INSECURE
,,,,,
www.rakuten.co.jp,.,1,8,192.115.106.35#53(192.115.106.35),SECURE
www.rakuten.co.jp,jp.,1,8,192.203.230.10#53(e.root-servers.net),SECURE
www.rakuten.co.jp,9COLLN26F1SMOI94TIOM19K4NDR17PFC.jp.,1,8,156.154.100.5#53(c.dns.jp),SECURE
www.rakuten.co.jp,www.rakuten.co.jp.,0,-1,133.237.30.77#53(ns02.rakuten.co.jp),INSECURE
,,,,,
www.moh.gov.jo,.,1,8,192.115.106.35#53(192.115.106.35),SECURE
www.moh.gov.jo,jo.,1,8,192.33.4.12#53(c.root-servers.net),INSECURE
www.moh.gov.jo,moh.gov.jo.,0,-1,193.188.66.2#53(petra.nic.gov.jo),INSECURE
www.moh.gov.jo,moh.gov.jo.,0,-1,193.188.66.104#53(ns2.nitc.gov.jo),INSECURE
,,,,,
www.csb.gov.jo,.,1,8,192.115.106.35#53(192.115.106.35),SECURE
www.csb.gov.jo,jo.,1,8,192.33.4.12#53(c.root-servers.net),INSECURE
www.csb.gov.jo,csb.gov.jo.,0,-1,193.188.66.103#53(amra.nic.gov.jo),INSECURE
www.csb.gov.jo,csb.gov.jo.,0,-1,193.188.66.4#53(ns1.nitc.gov.jo),INSECURE
,,,,,
www.moe.gov.jo,.,1,8,192.115.106.35#53(192.115.106.35),SECURE
www.moe.gov.jo,jo.,1,8,192.36.148.17#53(i.root-servers.net),INSECURE
www.moe.gov.jo,moe.gov.jo.,0,-1,147.28.0.39#53(rip.psg.com),INSECURE
www.moe.gov.jo,moe.gov.jo.,0,-1,193.188.66.104#53(ns2.nitc.gov.jo),INSECURE
,,,,,
www.kolesa.kz,.,1,8,192.115.106.35#53(192.115.106.35),SECURE
www.kolesa.kz,kz.,1,8,199.7.91.13#53(d.root-servers.net),INSECURE
www.kolesa.kz,kolesa.kz.,0,-1,194.0.21.5#53(ns.nic.kz),INSECURE
www.kolesa.kz,kolesa.kz.,0,-1,185.146.2.3#53(ns1.kolesa.kz),INSECURE
,,,,,
www.kundelik.kz,.,1,8,192.115.106.35#53(192.115.106.35),SECURE
www.kundelik.kz,kz.,1,8,199.7.83.42#53(l.root-servers.net),INSECURE
www.kundelik.kz,kundelik.kz.,0,-1,194.0.21.5#53(ns.nic.kz),INSECURE
www.kundelik.kz,kundelik.kz.,0,-1,195.210.46.194#53(ns1.ps.kz),INSECURE
,,,,,
www.nur.kz,.,1,8,192.115.106.35#53(192.115.106.35),SECURE
www.nur.kz,kz.,1,8,192.112.36.4#53(g.root-servers.net),INSECURE
www.nur.kz,nur.kz.,0,-1,185.79.212.7#53(ns1.nic.kz),INSECURE
www.nur.kz,origin.nur.kz.,0,-1,173.245.58.246#53(asa.ns.cloudflare.com),INSECURE
,,,,,
www.tuko.co.ke,.,1,8,192.115.106.35#53(192.115.106.35),SECURE
www.tuko.co.ke,ke.,1,8,192.36.148.17#53(i.root-servers.net),SECURE
www.tuko.co.ke,d8f0ihgfnvlqt62b12ekdapuu75a93qf.co.ke.,1,8,204.61.216.7#53(ns.anycast.kenic.or.ke),SECURE
www.tuko.co.ke,www.tuko.co.ke.,0,-1,173.245.59.212#53(newt.ns.cloudflare.com),INSECURE
,,,,,
www.standardmedia.co.ke,.,1,8,192.115.106.35#53(192.115.106.35),SECURE
www.standardmedia.co.ke,ke.,1,8,192.112.36.4#53(g.root-servers.net),SECURE
www.standardmedia.co.ke,iqt40bbgg7miakmsnl1sql74jcge68uk.co.ke.,1,8,66.135.46.112#53(ns2.dns.business),SECURE
www.standardmedia.co.ke,www.standardmedia.co.ke.,0,-1,173.245.59.105#53(brad.ns.cloudflare.com),INSECURE
,,,,,
www.nation.co.ke,.,1,8,192.115.106.35#53(192.115.106.35),SECURE
www.nation.co.ke,ke.,1,8,192.36.148.17#53(i.root-servers.net),SECURE
www.nation.co.ke,iqt40bbgg7miakmsnl1sql74jcge68uk.co.ke.,1,8,204.61.216.7#53(ns.anycast.kenic.or.ke),SECURE
www.nation.co.ke,nation.co.ke.,0,-1,205.251.196.83#53(ns-1107.awsdns-10.org),INSECURE
,,,,,
www.alanba.com.kw,.,1,8,192.115.106.35#53(192.115.106.35),SECURE
www.alanba.com.kw,kw.,1,8,193.0.14.129#53(k.root-servers.net),SECURE
www.alanba.com.kw,4KCJ2NKC1L473R1ETR8DBLN14TAM7CGF.com.kw.,1,8,23.97.177.111#53(b.nic.kw),SECURE
www.alanba.com.kw,www.alanba.com.kw.,1,13,173.245.58.189#53(liz.ns.cloudflare.com),SECURE
,,,,,
www.knetpay.com.kw,.,1,8,192.115.106.35#53(192.115.106.35),SECURE
www.knetpay.com.kw,kw.,1,8,192.36.148.17#53(i.root-servers.net),SECURE
www.knetpay.com.kw,4KCJ2NKC1L473R1ETR8DBLN14TAM7CGF.COM.KW.,1,8,162.88.47.1#53(d.nic.kw),SECURE
www.knetpay.com.kw,knetpay.com.kw.,0,-1,62.215.6.5#53(ns2.fasttelco.net),INSECURE
,,,,,
www.paci.gov.kw,.,1,8,192.115.106.35#53(192.115.106.35),SECURE
www.paci.gov.kw,kw.,1,8,192.33.4.12#53(c.root-servers.net),SECURE
www.paci.gov.kw,3LI838FH3N2FUB7HHP4V7JFGU3H8GSMK.GOV.KW.,1,8,162.88.46.1#53(c.nic.kw),SECURE
www.paci.gov.kw,paci.gov.kw.,0,-1,91.102.148.12#53(ns2.paci.gov.kw),INSECURE
,,,,,
www.lalafo.kg,.,1,8,192.115.106.35#53(192.115.106.35),SECURE
www.lalafo.kg,kg.,1,8,192.58.128.30#53(j.root-servers.net),SECURE
www.lalafo.kg,lalafo.kg.,1,5,193.0.9.84#53(kg.cctld.authdns.ripe.net),INSECURE
www.lalafo.kg,lalafo.kg.,0,-1,205.251.193.16#53(ns-272.awsdns-34.com),INSECURE
,,,,,
www.elcat.kg,.,1,8,192.115.106.35#53(192.115.106.35),SECURE
www.elcat.kg,kg.,1,8,199.7.91.13#53(d.root-servers.net),SECURE
www.elcat.kg,ELCAT.KG.,1,5,193.0.9.84#53(kg.cctld.authdns.ripe.net),INSECURE
www.elcat.kg,elcat.kg.,0,-1,212.42.96.2#53(NS2.ELCAT.KG),INSECURE
,,,,,
www.ts.kg,.,1,8,192.115.106.35#53(192.115.106.35),SECURE
www.ts.kg,kg.,1,8,192.203.230.10#53(e.root-servers.net),SECURE
www.ts.kg,TS.KG.,1,5,195.38.160.36#53(ns.kg),INSECURE
www.ts.kg,ts.kg.,0,-1,213.145.131.252#53(NS.TS.KG),INSECURE
,,,,,
www.mof.gov.la,.,1,8,192.115.106.35#53(192.115.106.35),SECURE
www.mof.gov.la,la.,1,8,199.9.14.201#53(b.root-servers.net),SECURE
www.mof.gov.la,j6iguomqt7m91reb626dr7clkvt0t61u.la.,1,7,185.24.64.15#53(ns1.nic.la),SECURE
www.mof.gov.la,j6qmir7r9tdeon0ktaiuu31cfkok57o5.gov.la.,1,7,202.9.76.225#53(ns2.lanic.net.la),SECURE
www.mof.gov.la,mof.gov.la.,0,-1,202.137.147.108#53(ns1.mof.gov.la),INSECURE
,,,,,
www.laoedaily.com.la,.,1,8,192.115.106.35#53(192.115.106.35),SECURE
www.laoedaily.com.la,la.,1,8,198.97.190.53#53(h.root-servers.net),SECURE
www.laoedaily.com.la,o5k1d98rce5mo8acsoivevclvteqk8vv.la.,1,7,194.169.218.15#53(ns4.nic.la),SECURE
www.laoedaily.com.la,o5lohsl50ko0ibdioe3to7n6ctgv61hv.com.la.,1,7,157.119.181.106#53(ns1.lanic.net.la),SECURE
www.laoedaily.com.la,laoedaily.com.la.,0,-1,64.235.45.95#53(ns2.mtslao.com),INSECURE
,,,,,
www.bcel.com.la,.,1,8,192.115.106.35#53(192.115.106.35),SECURE
www.bcel.com.la,la.,1,8,199.7.83.42#53(l.root-servers.net),SECURE
www.bcel.com.la,o5k1d98rce5mo8acsoivevclvteqk8vv.la.,1,7,194.169.218.15#53(ns4.nic.la),SECURE
www.bcel.com.la,o5lohsl50ko0ibdioe3to7n6ctgv61hv.com.la.,1,7,157.119.181.106#53(ns1.lanic.net.la),SECURE
www.bcel.com.la,bcel.com.la.,0,-1,157.119.181.112#53(ns4.lanic.gov.la),INSECURE
,,,,,
www.swedbank.lv,.,1,8,192.115.106.35#53(192.115.106.35),SECURE
www.swedbank.lv,lv.,1,8,192.33.4.12#53(c.root-servers.net),SECURE
www.swedbank.lv,bkeo8cofqutjbfc2fb709827i42gtego.lv.,1,8,194.0.1.24#53(c.nic.lv),SECURE
www.swedbank.lv,swedbank.lv.,0,-1,92.240.64.2#53(nsz2.nic.lv),INSECURE
,,,,,
www.delfi.lv,.,1,8,192.115.106.35#53(192.115.106.35),SECURE
www.delfi.lv,lv.,1,8,199.7.91.13#53(d.root-servers.net),SECURE
www.delfi.lv,H3077M35FEI3H7EQ59MSP99GT1684372.lv.,1,8,194.0.8.1#53(d.nic.lv),SECURE
www.delfi.lv,delfi.lv.,0,-1,205.251.195.212#53(ns-980.awsdns-58.net),INSECURE
,,,,,
www.inbox.lv,.,1,8,192.115.106.35#53(192.115.106.35),SECURE
www.inbox.lv,lv.,1,8,202.12.27.33#53(m.root-servers.net),SECURE
www.inbox.lv,ONL9NFMR5AEP7RLAJG92KJ5H7Q94M5OP.lv.,1,8,194.0.48.1#53(a.nic.lv),SECURE
www.inbox.lv,www.inbox.lv.,0,-1,194.19.227.100#53(ns2.inbox.lv),INSECURE
,,,,,
www.mtv.com.lb,.,1,8,192.115.106.35#53(192.115.106.35),SECURE
www.mtv.com.lb,lb.,1,8,193.0.14.129#53(k.root-servers.net),SECURE
www.mtv.com.lb,com.lb.,1,8,77.72.229.254#53(fork.sth.dnsnode.net),INSECURE
www.mtv.com.lb,mtv.com.lb.,0,-1,193.188.128.14#53(zeina.aub.edu.lb),INSECURE
www.mtv.com.lb,www.mtv.com.lb.,0,-1,173.245.59.125#53(jim.ns.cloudflare.com),INSECURE
,,,,,
www.almanar.com.lb,.,1,8,192.115.106.35#53(192.115.106.35),SECURE
www.almanar.com.lb,lb.,1,8,192.5.5.241#53(f.root-servers.net),SECURE
www.almanar.com.lb,almanar.com.lb.,0,-1,193.188.128.14#53(zeina.aub.edu.lb),INSECURE
www.almanar.com.lb,almanar.com.lb.,0,-1,65.98.18.18#53(ns5.almanar.com.lb),INSECURE
,,,,,
www.aub.edu.lb,.,1,8,192.115.106.35#53(192.115.106.35),SECURE
www.aub.edu.lb,lb.,1,8,192.5.5.241#53(f.root-servers.net),SECURE
www.aub.edu.lb,aub.edu.lb.,0,-1,193.188.128.14#53(zeina.aub.edu.lb),INSECURE
,,,,,
www.standardlesothobank.co.ls,.,1,8,192.115.106.35#53(192.115.106.35),SECURE
www.standardlesothobank.co.ls,ls.,1,8,199.9.14.201#53(b.root-servers.net),INSECURE
www.standardlesothobank.co.ls,standardlesothobank.co.ls.,0,-1,196.43.249.1#53(ns1.nic.ls),INSECURE
www.standardlesothobank.co.ls,www.standardlesothobank.co.ls.,0,-1,196.8.6.130#53(ns1.standardbank.co.za),INSECURE
,,,,,
www.gbets.co.ls,.,1,8,192.115.106.35#53(192.115.106.35),SECURE
www.gbets.co.ls,ls.,1,8,192.112.36.4#53(g.root-servers.net),INSECURE
www.gbets.co.ls,gbets.co.ls.,0,-1,196.216.168.70#53(ns-ls.afrinic.net),INSECURE
,,,,,
www.nul.ls,.,1,8,192.115.106.35#53(192.115.106.35),SECURE
www.nul.ls,ls.,1,8,192.203.230.10#53(e.root-servers.net),INSECURE
www.nul.ls,nul.ls.,0,-1,204.61.216.28#53(ls-ns.anycast.pch.net),INSECURE
www.nul.ls,cheche.nul.ls.,0,-1,196.11.175.1#53(ns2.nic.ls),INSECURE
,,,,,
www.eliberia.gov.lr,.,1,8,192.115.106.35#53(192.115.106.35),SECURE
www.eliberia.gov.lr,lr.,1,8,199.7.83.42#53(l.root-servers.net),SECURE
www.eliberia.gov.lr,eliberia.gov.lr.,1,8,77.72.229.254#53(fork.sth.dnsnode.net),INSECURE
www.eliberia.gov.lr,eliberia.gov.lr.,0,-1,144.76.108.38#53(ns3.domns.com),INSECURE
,,,,,
www.mofa.gov.lr,.,1,8,192.115.106.35#53(192.115.106.35),SECURE
www.mofa.gov.lr,lr.,1,8,199.9.14.201#53(b.root-servers.net),SECURE
www.mofa.gov.lr,mofa.gov.lr.,1,8,77.72.229.254#53(fork.sth.dnsnode.net),INSECURE
www.mofa.gov.lr,mofa.gov.lr.,0,-1,144.76.108.38#53(ns3.domns.com),INSECURE
,,,,,
www.emansion.gov.lr,.,1,8,192.115.106.35#53(192.115.106.35),SECURE
www.emansion.gov.lr,lr.,1,8,199.9.14.201#53(b.root-servers.net),SECURE
www.emansion.gov.lr,emansion.gov.lr.,1,8,196.216.168.61#53(ns-lr.afrinic.net),INSECURE
www.emansion.gov.lr,emansion.gov.lr.,0,-1,144.76.108.38#53(ns3.domns.com),INSECURE
,,,,,
www.libyana.ly,.,1,8,192.115.106.35#53(192.115.106.35),SECURE
www.libyana.ly,ly.,0,-1,192.112.36.4#53(g.root-servers.net),INSECURE
www.libyana.ly,libyana.ly.,0,-1,204.61.216.67#53(pch.ltt.ly),INSECURE
www.libyana.ly,libyana.ly.,0,-1,97.74.105.26#53(ns51.domaincontrol.com),INSECURE
,,,,,
www.alwasat.ly,.,1,8,192.115.106.35#53(192.115.106.35),SECURE
www.alwasat.ly,ly.,1,8,202.12.27.33#53(m.root-servers.net),INSECURE
www.alwasat.ly,alwasat.ly.,0,-1,204.61.216.67#53(pch.ltt.ly),INSECURE
www.alwasat.ly,www.alwasat.ly.,0,-1,173.245.58.72#53(athena.ns.cloudflare.com),INSECURE
,,,,,
www.ltt.ly,.,1,8,192.115.106.35#53(192.115.106.35),SECURE
www.ltt.ly,ly.,0,-1,192.58.128.30#53(j.root-servers.net),INSECURE
www.ltt.ly,ltt.ly.,0,-1,204.61.216.67#53(pch.ltt.ly),INSECURE
www.ltt.ly,ltt.ly.,0,-1,62.240.36.9#53(dns.lttnet.net),INSECURE
,,,,,
www.skelbiu.lt,.,1,8,192.115.106.35#53(192.115.106.35),SECURE
www.skelbiu.lt,lt.,1,8,192.36.148.17#53(i.root-servers.net),SECURE
www.skelbiu.lt,jog8rcdmvdodnsppu7413ji86k1i8mr1.lt.,1,8,194.0.19.1#53(f.tld.lt),SECURE
www.skelbiu.lt,skelbiu.lt.,0,-1,216.239.38.108#53(ns-cloud-c4.googledomains.com),INSECURE
,,,,,
www.kasvyksta.lt,.,1,8,192.115.106.35#53(192.115.106.35),SECURE
www.kasvyksta.lt,lt.,1,8,192.112.36.4#53(g.root-servers.net),SECURE
www.kasvyksta.lt,pspuroslsihfv03jpedpq98mqge9bitd.lt.,1,8,194.0.18.1#53(e.tld.lt),SECURE
www.kasvyksta.lt,kasvyksta.lt.,0,-1,79.98.29.142#53(ns2.serveriai.lt),INSECURE
,,,,,
www.delfi.lt,.,1,8,192.115.106.35#53(192.115.106.35),SECURE
www.delfi.lt,lt.,1,8,199.7.91.13#53(d.root-servers.net),SECURE
www.delfi.lt,s1sug6p2djinh1hlsm5t1dmo5ll9v5it.lt.,1,8,194.0.18.1#53(e.tld.lt),SECURE
www.delfi.lt,delfi.lt.,0,-1,83.171.8.8#53(ns2.domreg.lt),INSECURE
,,,,,
www.snet.lu,.,1,8,192.115.106.35#53(192.115.106.35),SECURE
www.snet.lu,lu.,1,8,192.5.5.241#53(f.root-servers.net),SECURE
www.snet.lu,bdaufhv2pp7r866nqdipb2e850e9aood.lu.,1,8,194.0.42.42#53(p.dns.lu),SECURE
www.snet.lu,snet.lu.,0,-1,208.80.126.4#53(ns12.dnsmadeeasy.com),INSECURE
,,,,,
www.public.lu,.,1,8,192.115.106.35#53(192.115.106.35),SECURE
www.public.lu,lu.,1,8,192.203.230.10#53(e.root-servers.net),SECURE
www.public.lu,rvfvft6e0c38ctl06jhpfpf3t16d465h.lu.,1,8,194.146.106.66#53(i.dns.lu),SECURE
www.public.lu,www.public.lu.,0,-1,194.154.200.86#53(ns1.etat.lu),INSECURE
,,,,,
www.rtl.lu,.,1,8,192.115.106.35#53(192.115.106.35),SECURE
www.rtl.lu,lu.,1,8,202.12.27.33#53(m.root-servers.net),SECURE
www.rtl.lu,jsn01isev38qp7q4cfkr725rrracbbe7.lu.,1,8,77.72.229.247#53(j.dns.lu),SECURE
www.rtl.lu,rtl.lu.,0,-1,205.251.195.139#53(ns-907.awsdns-49.net),INSECURE
,,,,,
www.bnu.com.mo,.,1,8,192.115.106.35#53(192.115.106.35),SECURE
www.bnu.com.mo,mo.,1,8,193.0.14.129#53(k.root-servers.net),INSECURE
www.bnu.com.mo,bnu.com.mo.,0,-1,137.189.6.21#53(ns2.cuhk.edu.hk),INSECURE
www.bnu.com.mo,bnu.com.mo.,0,-1,202.175.53.26#53(ns6.bnu.com.mo),INSECURE
,,,,,
www.um.edu.mo,.,1,8,192.115.106.35#53(192.115.106.35),SECURE
www.um.edu.mo,mo.,1,8,198.41.0.4#53(a.root-servers.net),INSECURE
www.um.edu.mo,um.edu.mo.,0,-1,202.175.87.49#53(c.monic.mo),INSECURE
www.um.edu.mo,www.um.edu.mo.,0,-1,95.101.36.66#53(a18-66.akam.net),INSECURE
,,,,,
www.umac.mo,.,1,8,192.115.106.35#53(192.115.106.35),SECURE
www.umac.mo,mo.,1,8,199.9.14.201#53(b.root-servers.net),INSECURE
www.umac.mo,couldn't,0,not,202.175.87.48#53(b.monic.mo),INSECURE
www.umac.mo,www.umac.mo.,0,-1,95.100.174.67#53(a2-67.akam.net),INSECURE
,,,,,
www.daily.mk,.,1,8,192.115.106.35#53(192.115.106.35),SECURE
www.daily.mk,mk.,1,8,202.12.27.33#53(m.root-servers.net),INSECURE
www.daily.mk,daily.mk.,0,-1,193.29.206.2#53(d.ext.nic.cz),INSECURE
www.daily.mk,daily.mk.,0,-1,54.93.100.208#53(ns1.daily.mk),INSECURE
,,,,,
www.reklama5.mk,.,1,8,192.115.106.35#53(192.115.106.35),SECURE
www.reklama5.mk,mk.,1,8,199.7.83.42#53(l.root-servers.net),INSECURE
www.reklama5.mk,couldn't,0,not,194.149.137.168#53(tld1.marnet.mk),INSECURE
www.reklama5.mk,reklama5.mk.,0,-1,217.115.143.140#53(ns1.hans.hosteurope.de),INSECURE
,,,,,
www.time.mk,.,1,8,192.115.106.35#53(192.115.106.35),SECURE
www.time.mk,mk.,1,8,198.41.0.4#53(a.root-servers.net),INSECURE
www.time.mk,time.mk.,0,-1,78.104.145.4#53(dns-mk.univie.ac.at),INSECURE
www.time.mk,time.mk.,0,-1,50.23.197.94#53(ns1.afraid.org),INSECURE
,,,,,
www.orange.mg,.,1,8,192.115.106.35#53(192.115.106.35),SECURE
www.orange.mg,mg.,1,8,198.97.190.53#53(h.root-servers.net),SECURE
www.orange.mg,orange.mg.,1,5,196.192.32.2#53(ns.dts.mg),INSECURE
www.orange.mg,www.orange.mg.,0,-1,41.190.236.206#53(dns2.orange.mg),INSECURE
,,,,,
www.midi-madagasikara.mg,.,1,8,192.115.106.35#53(192.115.106.35),SECURE
www.midi-madagasikara.mg,mg.,1,8,192.58.128.30#53(j.root-servers.net),SECURE
www.midi-madagasikara.mg,midi-madagasikara.mg.,1,5,196.192.32.2#53(ns.dts.mg),INSECURE
www.midi-madagasikara.mg,midi-madagasikara.mg.,0,-1,194.146.224.2#53(ns2.sivit.org),INSECURE
,,,,,
www.moov.mg,.,1,8,192.115.106.35#53(192.115.106.35),SECURE
www.moov.mg,mg.,1,8,192.36.148.17#53(i.root-servers.net),SECURE
www.moov.mg,moov.mg.,0,-1,196.192.32.2#53(ns.dts.mg),INSECURE
,,,,,
www.wsbetting.co.mw,.,1,8,192.115.106.35#53(192.115.106.35),SECURE
www.wsbetting.co.mw,mw.,1,8,198.41.0.4#53(a.root-servers.net),INSECURE
www.wsbetting.co.mw,wsbetting.co.mw.,0,-1,41.87.5.162#53(domwe.sdn.mw),INSECURE
www.wsbetting.co.mw,wsbetting.co.mw.,0,-1,85.25.128.54#53(ns9.nameserverservice.de),INSECURE
,,,,,
www.cc.ac.mw,.,1,8,192.115.106.35#53(192.115.106.35),SECURE
www.cc.ac.mw,mw.,1,8,193.0.14.129#53(k.root-servers.net),INSECURE
www.cc.ac.mw,cc.ac.mw.,0,-1,147.28.0.39#53(rip.psg.com),INSECURE
www.cc.ac.mw,cc.ac.mw.,0,-1,41.221.99.136#53(nyala.sdnp.org.mw),INSECURE
,,,,,
www.premierbet.mw,.,1,8,192.115.106.35#53(192.115.106.35),SECURE
www.premierbet.mw,mw.,1,8,192.33.4.12#53(c.root-servers.net),INSECURE
www.premierbet.mw,premierbet.mw.,0,-1,41.221.99.135#53(chambo.sdnp.org.mw),INSECURE
www.premierbet.mw,www.premierbet.mw.,0,-1,173.245.58.178#53(karina.ns.cloudflare.com),INSECURE
,,,,,
www.mudah.my,.,1,8,192.115.106.35#53(192.115.106.35),SECURE
www.mudah.my,my.,1,8,199.7.83.42#53(l.root-servers.net),SECURE
www.mudah.my,ji1rs5seqv1omcb10plt7h29uvlio54t.my.,1,8,212.18.248.114#53(c.mynic.centralnic-dns.com),SECURE
www.mudah.my,mudah.my.,0,-1,204.13.250.13#53(ns2.p13.dynect.net),INSECURE
,,,,,
www.shopee.com.my,.,1,8,192.115.106.35#53(192.115.106.35),SECURE
www.shopee.com.my,my.,1,8,192.5.5.241#53(f.root-servers.net),SECURE
www.shopee.com.my,com.my.,1,8,103.44.108.53#53(a.nic.my),SECURE
www.shopee.com.my,a0dk57m4vk6otljagde5p9neirhbsn9o.com.my.,1,8,212.18.248.114#53(c.mynic.centralnic-dns.com),SECURE
www.shopee.com.my,shopee.com.my.,0,-1,205.251.192.248#53(ns-248.awsdns-31.com),INSECURE
,,,,,
www.maybank2u.com.my,.,1,8,192.115.106.35#53(192.115.106.35),SECURE
www.maybank2u.com.my,my.,1,8,192.112.36.4#53(g.root-servers.net),SECURE
www.maybank2u.com.my,A0DK57M4VK6OTLJAGDE5P9NEIRHBSN9O.com.my.,1,8,212.18.249.114#53(d.mynic.centralnic-dns.com),SECURE
www.maybank2u.com.my,www.maybank2u.com.my.,0,-1,95.101.36.64#53(asia2.akam.net),INSECURE
,,,,,
www.raajje.mv,.,1,8,192.115.106.35#53(192.115.106.35),SECURE
www.raajje.mv,mv.,1,8,192.58.128.30#53(j.root-servers.net),INSECURE
www.raajje.mv,raajje.mv.,0,-1,204.61.216.24#53(mv-ns.anycast.pch.net),INSECURE
www.raajje.mv,www.raajje.mv.,0,-1,173.245.58.250#53(linda.ns.cloudflare.com),INSECURE
,,,,,
www.sun.mv,.,1,8,192.115.106.35#53(192.115.106.35),SECURE
www.sun.mv,mv.,1,8,199.9.14.201#53(b.root-servers.net),INSECURE
www.sun.mv,sun.mv.,0,-1,204.61.216.24#53(mv-ns.anycast.pch.net),INSECURE
www.sun.mv,www.sun.mv.,0,-1,173.245.58.149#53(zoe.ns.cloudflare.com),INSECURE
,,,,,
www.vaguthu.mv,.,1,8,192.115.106.35#53(192.115.106.35),SECURE
www.vaguthu.mv,mv.,1,8,192.5.5.241#53(f.root-servers.net),INSECURE
www.vaguthu.mv,vaguthu.mv.,0,-1,202.1.192.196#53(ns.dhivehinet.net.mv),INSECURE
www.vaguthu.mv,www.vaguthu.mv.,0,-1,173.245.58.125#53(kay.ns.cloudflare.com),INSECURE
,,,,,
www.gouv.ml,.,1,8,192.115.106.35#53(192.115.106.35),SECURE
www.gouv.ml,ml.,1,8,198.41.0.4#53(a.root-servers.net),INSECURE
www.gouv.ml,gouv.ml.,0,-1,185.21.169.1#53(b.ns.ml),INSECURE
www.gouv.ml,gouv.ml.,0,-1,196.10.216.69#53(dns01.gouv.ml),INSECURE
,,,,,
www.point.ml,.,1,8,192.115.106.35#53(192.115.106.35),SECURE
www.point.ml,ml.,1,8,192.203.230.10#53(e.root-servers.net),INSECURE
www.point.ml,point.ml.,0,-1,185.21.171.1#53(d.ns.ml),INSECURE
www.point.ml,www.point.ml.,0,-1,54.171.131.39#53(ns01.freenom.com),INSECURE
,,,,,
www.premierbet.ml,.,1,8,192.115.106.35#53(192.115.106.35),SECURE
www.premierbet.ml,ml.,1,8,199.9.14.201#53(b.root-servers.net),INSECURE
www.premierbet.ml,premierbet.ml.,0,-1,185.21.170.1#53(c.ns.ml),INSECURE
www.premierbet.ml,www.premierbet.ml.,0,-1,173.245.58.178#53(karina.ns.cloudflare.com),INSECURE
,,,,,
www.maltatoday.com.mt,.,1,8,192.115.106.35#53(192.115.106.35),SECURE
www.maltatoday.com.mt,mt.,1,8,192.203.230.10#53(e.root-servers.net),INSECURE
www.maltatoday.com.mt,maltatoday.com.mt.,0,-1,193.188.47.252#53(a.ns.mt),INSECURE
www.maltatoday.com.mt,www.maltatoday.com.mt.,0,-1,173.245.58.232#53(tricia.ns.cloudflare.com),INSECURE
,,,,,
www.newsbook.com.mt,.,1,8,192.115.106.35#53(192.115.106.35),SECURE
www.newsbook.com.mt,mt.,1,8,192.58.128.30#53(j.root-servers.net),INSECURE
www.newsbook.com.mt,newsbook.com.mt.,0,-1,192.93.0.4#53(f.ns.mt),INSECURE
www.newsbook.com.mt,newsbook.com.mt.,0,-1,205.251.193.172#53(ns-428.awsdns-53.com),INSECURE
,,,,,
www.tvm.com.mt,couldn't,0,not,192.115.106.35#53(192.115.106.35),SECURE
www.tvm.com.mt,mt.,1,8,192.5.5.241#53(f.root-servers.net),INSECURE
www.tvm.com.mt,tvm.com.mt.,0,-1,204.61.216.45#53(p.ns.mt),INSECURE
www.tvm.com.mt,www.tvm.com.mt.,0,-1,173.245.59.103#53(ben.ns.cloudflare.com),INSECURE
,,,,,
www.ami.mr,.,1,8,192.115.106.35#53(192.115.106.35),SECURE
www.ami.mr,mr.,1,8,192.58.128.30#53(j.root-servers.net),INSECURE
www.ami.mr,ami.mr.,0,-1,194.0.9.1#53(ns-mr.nic.fr),INSECURE
www.ami.mr,-1,0,-1,82.151.74.36#53(webworks.ami.mr),INSECURE
,,,,,
www.zahraa.mr,.,1,8,192.115.106.35#53(192.115.106.35),SECURE
www.zahraa.mr,mr.,1,8,198.41.0.4#53(a.root-servers.net),INSECURE
www.zahraa.mr,zahraa.mr.,0,-1,91.203.32.147#53(censvrns0001.ird.fr),INSECURE
www.zahraa.mr,zahraa.mr.,0,-1,162.159.24.80#53(ns1.bluehost.com),INSECURE
,,,,,
www.rimnow.mr,.,1,8,192.115.106.35#53(192.115.106.35),SECURE
www.rimnow.mr,mr.,1,8,198.41.0.4#53(a.root-servers.net),INSECURE
www.rimnow.mr,rimnow.mr.,0,-1,91.203.32.147#53(censvrns0001.ird.fr),INSECURE
www.rimnow.mr,rimnow.mr.,0,-1,216.87.152.33#53(dns2.namecheaphosting.com),INSECURE
,,,,,
www.myt.mu,.,1,8,192.115.106.35#53(192.115.106.35),SECURE
www.myt.mu,mu.,1,8,192.203.230.10#53(e.root-servers.net),INSECURE
www.myt.mu,myt.mu.,0,-1,195.253.64.5#53(anycast1.irondns.net),INSECURE
www.myt.mu,www.myt.mu.,0,-1,202.123.2.11#53(dns2.intnet.mu),INSECURE
,,,,,
www.myt.mu,.,1,8,192.115.106.35#53(192.115.106.35),SECURE
www.myt.mu,mu.,1,8,192.58.128.30#53(j.root-servers.net),INSECURE
www.myt.mu,myt.mu.,0,-1,193.0.9.98#53(udns2.tld.mu),INSECURE
www.myt.mu,www.myt.mu.,0,-1,202.123.2.6#53(dns1.intnet.mu),INSECURE
,,,,,
www.lexpress.mu,.,1,8,192.115.106.35#53(192.115.106.35),SECURE
www.lexpress.mu,mu.,1,8,202.12.27.33#53(m.root-servers.net),INSECURE
www.lexpress.mu,lexpress.mu.,0,-1,195.253.64.5#53(anycast1.irondns.net),INSECURE
www.lexpress.mu,www.lexpress.mu.,0,-1,173.245.59.138#53(ray.ns.cloudflare.com),INSECURE
,,,,,
www.sat.gob.mx,couldn't,0,not,192.115.106.35#53(192.115.106.35),SECURE
www.sat.gob.mx,mx.,1,8,192.36.148.17#53(i.root-servers.net),SECURE
www.sat.gob.mx,i0jec53416vrb69c4oj0igo1vg8q41is.gob.mx.,1,8,200.94.176.1#53(m.mx-ns.mx),SECURE
www.sat.gob.mx,d1kv9jqywn0dfi.cloudfront.net.,0,-1,200.57.5.40#53(tlahuizcalpantecuhtli.sat.gob.mx),INSECURE
,,,,,
www.caliente.mx,.,1,8,192.115.106.35#53(192.115.106.35),SECURE
www.caliente.mx,mx.,1,8,192.58.128.30#53(j.root-servers.net),SECURE
www.caliente.mx,2dj7ok7dfu5753dnmn9qqmpqji0n5ap9.mx.,1,8,200.94.176.1#53(m.mx-ns.mx),SECURE
www.caliente.mx,www.caliente.mx.,0,-1,43.247.170.1#53(ns31.constellix.com),INSECURE
,,,,,
www.mercadolibre.com.mx,.,1,8,192.115.106.35#53(192.115.106.35),SECURE
www.mercadolibre.com.mx,mx.,1,8,198.97.190.53#53(h.root-servers.net),SECURE
www.mercadolibre.com.mx,nhss6j3ffo582p37tar4ui8fpaogn923.com.mx.,1,8,200.94.176.1#53(m.mx-ns.mx),SECURE
www.mercadolibre.com.mx,mercadolibre.com.mx.,0,-1,205.251.199.216#53(ns-2008.awsdns-59.co.uk),INSECURE
,,,,,
www.gismeteo.md,.,1,8,192.115.106.35#53(192.115.106.35),SECURE
www.gismeteo.md,md.,1,8,192.203.230.10#53(e.root-servers.net),SECURE
www.gismeteo.md,couldn't,0,not,217.26.144.5#53(ns-int.dns.md),SECURE
www.gismeteo.md,gismeteo.md.,0,-1,37.233.84.12#53(ns1.gismeteo.md),INSECURE
,,,,,
www.point.md,.,1,8,192.115.106.35#53(192.115.106.35),SECURE
www.point.md,md.,1,8,198.97.190.53#53(h.root-servers.net),SECURE
www.point.md,E9UOOTT5LNRA9KADI2K02LQ1FG9PV66E.md.,1,13,92.222.76.179#53(nsfr.dns.md),SECURE
www.point.md,point.md.,0,-1,173.201.79.51#53(pdns04.domaincontrol.com),INSECURE
,,,,,
www.999.md,.,1,8,192.115.106.35#53(192.115.106.35),SECURE
www.999.md,md.,1,8,192.112.36.4#53(g.root-servers.net),SECURE
www.999.md,5FRBIDBV6FD47LV30JENAD34HGD60PR2.md.,1,13,144.217.93.2#53(nsca.dns.md),SECURE
www.999.md,999.md.,0,-1,173.201.79.51#53(pdns04.domaincontrol.com),INSECURE
,,,,,
www.news.mn,.,1,8,192.115.106.35#53(192.115.106.35),SECURE
www.news.mn,mn.,1,8,192.203.230.10#53(e.root-servers.net),SECURE
www.news.mn,mqe754oa64a06bu9t8tmh1l949fs0soj.mn.,1,7,199.249.124.1#53(b2.cctld.afilias-nst.org),SECURE
www.news.mn,www.news.mn.,0,-1,162.251.82.250#53(ns1.dns.mn),INSECURE
,,,,,
www.gogo.mn,.,1,8,192.115.106.35#53(192.115.106.35),SECURE
www.gogo.mn,mn.,1,8,198.97.190.53#53(h.root-servers.net),SECURE
www.gogo.mn,5rlva03acuib7d22ff2uofpavdbsce89.mn.,1,7,199.254.60.1#53(b0.cctld.afilias-nst.org),SECURE
www.gogo.mn,gogo.mn.,0,-1,202.131.239.254#53(sdns.mobinet.mn),INSECURE
,,,,,
www.ikon.mn,.,1,8,192.115.106.35#53(192.115.106.35),SECURE
www.ikon.mn,mn.,1,8,192.5.5.241#53(f.root-servers.net),SECURE
www.ikon.mn,572iunkhjtr0n5d4m49u4on6phf91smc.mn.,1,7,218.100.84.26#53(ns4.magic.mn),SECURE
www.ikon.mn,www.ikon.mn.,0,-1,162.251.82.121#53(ns2.dns.mn),INSECURE
,,,,,
www.vijesti.me,.,1,8,192.115.106.35#53(192.115.106.35),SECURE
www.vijesti.me,me.,1,8,199.9.14.201#53(b.root-servers.net),SECURE
www.vijesti.me,hjjkhi97tt2jtkuu0utpta2m0dcpadll.me.,1,7,199.253.60.1#53(b0.nic.me),SECURE
www.vijesti.me,www.vijesti.me.,0,-1,173.245.58.140#53(rita.ns.cloudflare.com),INSECURE
,,,,,
www.ucg.ac.me,.,1,8,192.115.106.35#53(192.115.106.35),SECURE
www.ucg.ac.me,me.,1,8,192.112.36.4#53(g.root-servers.net),SECURE
www.ucg.ac.me,s9t49kl3i0aa182kjuv0vepkpvsgfds4.me.,1,7,199.249.127.1#53(b2.nic.me),SECURE
www.ucg.ac.me,ucg.ac.me.,0,-1,89.188.43.44#53(ns2.ac.me),INSECURE
,,,,,
www.portalanalitika.me,.,1,8,192.115.106.35#53(192.115.106.35),SECURE
www.portalanalitika.me,me.,1,8,192.58.128.30#53(j.root-servers.net),SECURE
www.portalanalitika.me,rrbhm840l0lflcfnmdmgo0b5j1h7s683.me.,1,7,199.253.61.1#53(c0.nic.me),SECURE
www.portalanalitika.me,www.portalanalitika.me.,0,-1,173.245.58.210#53(nia.ns.cloudflare.com),INSECURE
,,,,,
www.2m.ma,.,1,8,192.115.106.35#53(192.115.106.35),SECURE
www.2m.ma,ma.,1,8,199.7.83.42#53(l.root-servers.net),SECURE
www.2m.ma,Q8JC8B501HRSHEH6K6RV1C29MT81CPI7.ma.,1,8,81.192.171.84#53(ns2.registre.ma),SECURE
www.2m.ma,www.2m.ma.,0,-1,41.248.240.122#53(srv1-2m.ma),INSECURE
,,,,,
www.avito.ma,.,1,8,192.115.106.35#53(192.115.106.35),SECURE
www.avito.ma,ma.,1,8,199.9.14.201#53(b.root-servers.net),SECURE
www.avito.ma,LAC2BO1LCH03S4R31M92A100532VT942.ma.,1,8,194.0.9.1#53(ns-ma.nic.fr),SECURE
www.avito.ma,www.avito.ma.,0,-1,173.245.59.183#53(jobs.ns.cloudflare.com),INSECURE
,,,,,
www.chouftv.ma,.,1,8,192.115.106.35#53(192.115.106.35),SECURE
www.chouftv.ma,ma.,1,8,199.9.14.201#53(b.root-servers.net),SECURE
www.chouftv.ma,GB710P2LH6IGL8Q0UHQQKCNVIH7MKU9J.ma.,1,8,81.192.171.139#53(ns3.registre.ma),SECURE
www.chouftv.ma,www.chouftv.ma.,0,-1,173.245.58.238#53(vita.ns.cloudflare.com),INSECURE
,,,,,
www.mmo.co.mz,.,1,8,192.115.106.35#53(192.115.106.35),SECURE
www.mmo.co.mz,mz.,1,8,202.12.27.33#53(m.root-servers.net),INSECURE
www.mmo.co.mz,mmo.co.mz.,0,-1,196.216.168.40#53(ns-mz.afrinic.net),INSECURE
www.mmo.co.mz,www.mmo.co.mz.,0,-1,173.245.59.142#53(seth.ns.cloudflare.com),INSECURE
,,,,,
www.sapo.mz,.,1,8,192.115.106.35#53(192.115.106.35),SECURE
www.sapo.mz,mz.,1,8,192.112.36.4#53(g.root-servers.net),INSECURE
www.sapo.mz,sapo.mz.,0,-1,196.3.96.66#53(dzowo.uem.mz),INSECURE
www.sapo.mz,sapo.mz.,0,-1,212.55.154.194#53(ns2.sapo.pt),INSECURE
,,,,,
www.movitel.co.mz,.,1,8,192.115.106.35#53(192.115.106.35),SECURE
www.movitel.co.mz,mz.,1,8,192.58.128.30#53(j.root-servers.net),INSECURE
www.movitel.co.mz,movitel.co.mz.,0,-1,196.3.96.66#53(dzowo.uem.mz),INSECURE
www.movitel.co.mz,movitel.co.mz.,0,-1,197.218.5.69#53(mall.movitel.co.mz),INSECURE
,,,,,
www.myjobs.com.mm,.,1,8,192.115.106.35#53(192.115.106.35),SECURE
www.myjobs.com.mm,mm.,1,8,192.5.5.241#53(f.root-servers.net),SECURE
www.myjobs.com.mm,myjobs.com.mm.,1,8,203.81.64.20#53(ns0.nic.net.mm),INSECURE
www.myjobs.com.mm,myjobs.com.mm.,0,-1,205.251.195.141#53(ns-909.awsdns-49.net),INSECURE
,,,,,
www.jobnet.com.mm,.,1,8,192.115.106.35#53(192.115.106.35),SECURE
www.jobnet.com.mm,mm.,1,8,192.58.128.30#53(j.root-servers.net),SECURE
www.jobnet.com.mm,jobnet.com.mm.,1,8,203.81.92.10#53(ns2.nic.net.mm),INSECURE
www.jobnet.com.mm,jobnet.com.mm.,0,-1,203.81.168.81#53(ns2.mtalk.net.mm),INSECURE
,,,,,
www.shop.com.mm,.,1,8,192.115.106.35#53(192.115.106.35),SECURE
www.shop.com.mm,mm.,1,8,199.7.83.42#53(l.root-servers.net),SECURE
www.shop.com.mm,shop.com.mm.,1,8,203.81.92.10#53(ns2.nic.net.mm),INSECURE
www.shop.com.mm,www.shop.com.mm.,0,-1,103.47.185.210#53(ns1.mtalk.net.mm),INSECURE
,,,,,
www.namibian.com.na,.,1,8,192.115.106.35#53(192.115.106.35),SECURE
www.namibian.com.na,na.,1,8,192.36.148.17#53(i.root-servers.net),SECURE
www.namibian.com.na,QMIQK6CB01O1V9EVE8HV1T10NFA709VS.com.na.,1,8,204.152.184.96#53(merlin.net.na),SECURE
www.namibian.com.na,namibian.com.na.,0,-1,196.7.0.139#53(ns1.iafrica.com),INSECURE
,,,,,
www.fnbnamibia.com.na,.,1,8,192.115.106.35#53(192.115.106.35),SECURE
www.fnbnamibia.com.na,na.,1,8,192.36.148.17#53(i.root-servers.net),SECURE
www.fnbnamibia.com.na,ma0d8oiqmu99noptd4t4g25atg338je0.com.na.,1,8,195.253.64.7#53(anyc2.irondns.net),SECURE
www.fnbnamibia.com.na,www.fnbnamibia.com.na.,0,-1,41.183.219.2#53(ns02.fnbconnect.co.za),INSECURE
,,,,,
www.nust.na,.,1,8,192.115.106.35#53(192.115.106.35),SECURE
www.nust.na,na.,1,8,192.112.36.4#53(g.root-servers.net),SECURE
www.nust.na,nust.na.,1,5,195.253.64.7#53(anyc2.irondns.net),INSECURE
www.nust.na,www.nust.na.,0,-1,196.216.164.250#53(ns02.nust.na),INSECURE
,,,,,
www.ntc.net.np,.,1,8,192.115.106.35#53(192.115.106.35),SECURE
www.ntc.net.np,np.,1,8,193.0.14.129#53(k.root-servers.net),INSECURE
www.ntc.net.np,ntc.net.np.,0,-1,202.12.31.53#53(ns4.apnic.net),INSECURE
www.ntc.net.np,ntc.net.np.,0,-1,202.70.64.15#53(munal.ntc.net.np),INSECURE
,,,,,
www.cdsc.com.np,.,1,8,192.115.106.35#53(192.115.106.35),SECURE
www.cdsc.com.np,np.,1,8,192.36.148.17#53(i.root-servers.net),INSECURE
www.cdsc.com.np,cdsc.com.np.,0,-1,204.61.216.11#53(pch.nnic.np),INSECURE
www.cdsc.com.np,cdsc.com.np.,0,-1,174.129.25.35#53(ns2.01cloud.com),INSECURE
,,,,,
www.esewa.com.np,.,1,8,192.115.106.35#53(192.115.106.35),SECURE
www.esewa.com.np,np.,1,8,192.203.230.10#53(e.root-servers.net),INSECURE
www.esewa.com.np,esewa.com.np.,0,-1,204.61.216.11#53(pch.nnic.np),INSECURE
www.esewa.com.np,www.esewa.com.np.,0,-1,173.245.58.137#53(olga.ns.cloudflare.COM),INSECURE
,,,,,
www.ing.nl,.,1,8,192.115.106.35#53(192.115.106.35),SECURE
www.ing.nl,nl.,1,8,192.203.230.10#53(e.root-servers.net),SECURE
www.ing.nl,ing.nl.,1,8,194.146.106.42#53(ns2.dns.nl),SECURE
www.ing.nl,www.ing.nl.,1,8,2.22.230.64#53(eur6.akam.net),SECURE
,,,,,
www.nu.nl,.,1,8,192.115.106.35#53(192.115.106.35),SECURE
www.nu.nl,nl.,1,8,199.9.14.201#53(b.root-servers.net),SECURE
www.nu.nl,dob2lbjpjc64nggoatfotr784sbdsj0r.nl.,1,8,194.0.25.24#53(ns3.dns.nl),SECURE
www.nu.nl,aws.sanomaservices.nl.,0,-1,52.209.32.138#53(ns01.sanomaservices.nl),INSECURE
,,,,,
www.marktplaats.nl,.,1,8,192.115.106.35#53(192.115.106.35),SECURE
www.marktplaats.nl,nl.,1,8,192.5.5.241#53(f.root-servers.net),SECURE
www.marktplaats.nl,dob2lbjpjc64nggoatfotr784sbdsj0r.nl.,1,8,192.5.4.1#53(sns-pb.isc.org),SECURE
www.marktplaats.nl,marktplaats.nl.,0,-1,208.78.71.13#53(ns3.p13.dynect.net),INSECURE
,,,,,
www.lnc.nc,.,1,8,192.115.106.35#53(192.115.106.35),SECURE
www.lnc.nc,nc.,1,8,192.203.230.10#53(e.root-servers.net),SECURE
www.lnc.nc,I6J53BJJ0II7E4BUVL8HUA92GEB4GR0B.nc.,1,8,202.87.129.17#53(ns2.nc),SECURE
www.lnc.nc,lnc.nc.,0,-1,188.165.48.149#53(dnst.lagoon.nc),INSECURE
,,,,,
www.annonces.nc,.,1,8,192.115.106.35#53(192.115.106.35),SECURE
www.annonces.nc,nc.,1,8,193.0.14.129#53(k.root-servers.net),SECURE
www.annonces.nc,5ttjji6k9sureiunf081vo5121rg2r9g.nc.,1,8,193.0.9.100#53(nc.cctld.authdns.ripe.net),SECURE
www.annonces.nc,www.annonces.nc.,0,-1,173.245.58.51#53(ns1.digitalocean.com),INSECURE
,,,,,
www.ac-noumea.nc,.,1,8,192.115.106.35#53(192.115.106.35),SECURE
www.ac-noumea.nc,nc.,1,8,198.41.0.4#53(a.root-servers.net),SECURE
www.ac-noumea.nc,5ttjji6k9sureiunf081vo5121rg2r9g.nc.,1,8,193.0.9.100#53(nc.cctld.authdns.ripe.net),SECURE
www.ac-noumea.nc,ac-noumea.nc.,0,-1,195.221.84.65#53(ns1.recre.nc),INSECURE
,,,,,
www.stuff.co.nz,.,1,8,192.115.106.35#53(192.115.106.35),SECURE
www.stuff.co.nz,nz.,1,8,192.203.230.10#53(e.root-servers.net),SECURE
www.stuff.co.nz,fop5b11d59qmo5kgvenpdfskk2oq7tg4.co.nz.,1,8,202.46.187.130#53(ns2.dns.net.nz),SECURE
www.stuff.co.nz,stuff.co.nz.,0,-1,205.251.198.123#53(ns-1659.awsdns-15.co.uk),INSECURE
,,,,,
www.trademe.co.nz,.,1,8,192.115.106.35#53(192.115.106.35),SECURE
www.trademe.co.nz,nz.,1,8,192.5.5.241#53(f.root-servers.net),SECURE
www.trademe.co.nz,m4jb1rh96sa6gntbvfb3n49uajjdee1g.co.nz.,1,8,185.159.197.130#53(ns5.dns.net.nz),SECURE
www.trademe.co.nz,www.trademe.co.nz.,0,-1,122.252.190.65#53(ns3.trademe.co.nz),INSECURE
,,,,,
www.nzherald.co.nz,.,1,8,192.115.106.35#53(192.115.106.35),SECURE
www.nzherald.co.nz,nz.,1,8,192.112.36.4#53(g.root-servers.net),SECURE
www.nzherald.co.nz,scb2a3n400nmtkdnk758u7uftrgjbcqk.co.nz.,1,8,185.159.197.130#53(ns5.dns.net.nz),SECURE
www.nzherald.co.nz,www.nzherald.co.nz.,0,-1,198.51.44.1#53(dns1.p01.nsone.net),INSECURE
,,,,,
www.banpro.com.ni,.,1,8,192.115.106.35#53(192.115.106.35),SECURE
www.banpro.com.ni,ni.,0,-1,192.33.4.12#53(c.root-servers.net),INSECURE
www.banpro.com.ni,banpro.com.ni.,0,-1,186.1.31.8#53(ns.ideay.net.ni),INSECURE
www.banpro.com.ni,wip.banpro.com.ni.,0,-1,201.131.115.3#53(ns1.banpro.com.ni),INSECURE
,,,,,
www.laprensa.com.ni,.,1,8,192.115.106.35#53(192.115.106.35),SECURE
www.laprensa.com.ni,couldn't,0,not,193.0.14.129#53(k.root-servers.net),INSECURE
www.laprensa.com.ni,marfeel.map.fastly.net.,0,-1,200.62.64.1#53(ns.tmx.com.ni),INSECURE
,,,,,
www.elnuevodiario.com.ni,.,1,8,192.115.106.35#53(192.115.106.35),SECURE
www.elnuevodiario.com.ni,couldn't,0,not,192.5.5.241#53(f.root-servers.net),INSECURE
www.elnuevodiario.com.ni,kronoscms-lb-418499633.us-east-1.elb.amazonaws.com.,0,-1,200.62.64.1#53(ns.tmx.com.ni),INSECURE
,,,,,
www.itechcenter.ne,.,1,8,192.115.106.35#53(192.115.106.35),SECURE
www.itechcenter.ne,ne.,1,8,193.0.14.129#53(k.root-servers.net),INSECURE
www.itechcenter.ne,itechcenter.ne.,0,-1,193.0.9.101#53(ne.cctld.authdns.ripe.net),INSECURE
www.itechcenter.ne,itechcenter.ne.,0,-1,104.46.51.127#53(ns1.itechcenter.ne),INSECURE
,,,,,
www.anp.ne,.,1,8,192.115.106.35#53(192.115.106.35),SECURE
www.anp.ne,ne.,1,8,192.58.128.30#53(j.root-servers.net),INSECURE
www.anp.ne,anp.ne.,0,-1,193.0.9.101#53(ne.cctld.authdns.ripe.net),INSECURE
www.anp.ne,anp.ne.,0,-1,41.138.54.10#53(ns.intnet.ne),INSECURE
,,,,,
www.gouv.ne,.,1,8,192.115.106.35#53(192.115.106.35),SECURE
www.gouv.ne,ne.,1,8,192.58.128.30#53(j.root-servers.net),INSECURE
www.gouv.ne,gouv.ne.,0,-1,41.138.54.10#53(ns.intnet.ne),INSECURE
,,,,,
www.dailypost.ng,.,1,8,192.115.106.35#53(192.115.106.35),SECURE
www.dailypost.ng,ng.,1,8,199.7.83.42#53(l.root-servers.net),INSECURE
www.dailypost.ng,dailypost.ng.,0,-1,41.222.79.3#53(nsa.nic.net.ng),INSECURE
www.dailypost.ng,www.dailypost.ng.,0,-1,173.245.59.68#53(arch.ns.cloudflare.com),INSECURE
,,,,,
www.jumia.com.ng,.,1,8,192.115.106.35#53(192.115.106.35),SECURE
www.jumia.com.ng,ng.,1,8,198.97.190.53#53(h.root-servers.net),INSECURE
www.jumia.com.ng,jumia.com.ng.,0,-1,204.61.216.40#53(ns2.nic.net.ng),INSECURE
www.jumia.com.ng,jumia.com.ng.,0,-1,205.251.193.7#53(ns-263.awsdns-32.com),INSECURE
,,,,,
www.legit.ng,,,,,SITE DO NOT EXIST
,,,,,
www.nrk.no,.,1,8,192.115.106.35#53(192.115.106.35),SECURE
www.nrk.no,no.,1,8,198.41.0.4#53(a.root-servers.net),SECURE
www.nrk.no,nrk.no.,1,8,156.154.100.12#53(not.norid.no),SECURE
www.nrk.no,www.nrk.no.,1,14,193.108.91.251#53(a1-251.akam.net),SECURE
,,,,,
www.vg.no,.,1,8,192.115.106.35#53(192.115.106.35),SECURE
www.vg.no,no.,1,8,192.5.5.241#53(f.root-servers.net),SECURE
www.vg.no,9f46v3m3qd7h0o3adlcujqkgil19jijf.no.,1,8,194.146.106.6#53(i.nic.no),SECURE
www.vg.no,vg.no.,0,-1,69.164.207.59#53(ns-zoo.linpro.net),INSECURE
,,,,,
www.finn.no,.,1,8,192.115.106.35#53(192.115.106.35),SECURE
www.finn.no,no.,1,8,192.58.128.30#53(j.root-servers.net),SECURE
www.finn.no,157l16u85jf7li7mqpnojkvm597dr8dp.no.,1,8,156.154.100.12#53(not.norid.no),SECURE
www.finn.no,www.finn.no.,0,-1,216.239.34.107#53(ns-cloud-b2.googledomains.com),INSECURE
,,,,,
www.squ.edu.om,.,1,8,192.115.106.35#53(192.115.106.35),SECURE
www.squ.edu.om,om.,1,8,192.36.148.17#53(i.root-servers.net),SECURE
www.squ.edu.om,4ubekraff51c195p25mm6ngn5d8k534i.edu.om.,1,8,185.27.89.50#53(ns2.registry.om),SECURE
www.squ.edu.om,www.squ.edu.om.,0,-1,188.135.8.4#53(dns2.squ.edu.om),INSECURE
,,,,,
www.atheer.om,.,1,8,192.115.106.35#53(192.115.106.35),SECURE
www.atheer.om,om.,1,8,192.112.36.4#53(g.root-servers.net),SECURE
www.atheer.om,q4qhpn33jefmavdvs1bvk3msjl81amv8.om.,1,8,185.27.88.50#53(ns1.registry.om),SECURE
www.atheer.om,www.atheer.om.,0,-1,173.245.59.85#53(chris.ns.cloudflare.com),INSECURE
,,,,,
www.moe.gov.om,.,1,8,192.115.106.35#53(192.115.106.35),SECURE
www.moe.gov.om,om.,1,8,198.41.0.4#53(a.root-servers.net),SECURE
www.moe.gov.om,iv9o9mupn4sihpachm6eo9fv77gb9ouk.gov.om.,1,8,37.209.194.6#53(cctld.beta.aridns.net.au),SECURE
www.moe.gov.om,moe.gov.om.,0,-1,212.72.4.147#53(ns2.omantel.net.om),INSECURE
,,,,,
www.thenews.com.pk,.,1,8,192.115.106.35#53(192.115.106.35),SECURE
www.thenews.com.pk,pk.,1,8,192.112.36.4#53(g.root-servers.net),INSECURE
www.thenews.com.pk,thenews.com.PK.,0,-1,119.81.34.90#53(root-s.pknic.pk),INSECURE
www.thenews.com.pk,www.thenews.com.pk.,0,-1,173.245.58.143#53(ruth.ns.cloudflare.com),INSECURE
,,,,,
www.daraz.pk,.,1,8,192.115.106.35#53(192.115.106.35),SECURE
www.daraz.pk,pk.,1,8,193.0.14.129#53(k.root-servers.net),INSECURE
www.daraz.pk,daraz.PK.,0,-1,199.192.75.54#53(ns3.pknic.net.pk),INSECURE
www.daraz.pk,www.daraz.pk.,0,-1,23.211.61.66#53(a22-66.akam.net),INSECURE
,,,,,
www.express.pk,.,1,8,192.115.106.35#53(192.115.106.35),SECURE
www.express.pk,pk.,1,8,199.7.91.13#53(d.root-servers.net),INSECURE
www.express.pk,express.PK.,0,-1,107.6.178.178#53(root-e.pknic.pk),INSECURE
www.express.pk,www.express.pk.,0,-1,173.245.58.122#53(jill.ns.cloudflare.com),INSECURE
,,,,,
www.raya.ps,.,1,8,192.115.106.35#53(192.115.106.35),SECURE
www.raya.ps,ps.,1,8,198.41.0.4#53(a.root-servers.net),INSECURE
www.raya.ps,raya.ps.,0,-1,194.6.225.20#53(ns1.pnina.ps),INSECURE
www.raya.ps,www.raya.ps.,0,-1,173.245.59.131#53(matt.ns.cloudflare.com),INSECURE
,,,,,
www.paltoday.ps,.,1,8,192.115.106.35#53(192.115.106.35),SECURE
www.paltoday.ps,ps.,1,8,192.36.148.17#53(i.root-servers.net),INSECURE
www.paltoday.ps,paltoday.ps.,0,-1,193.0.9.105#53(ps.cctld.authdns.ripe.net),INSECURE
www.paltoday.ps,www.paltoday.ps.,0,-1,173.245.58.103#53(beth.ns.cloudflare.com),INSECURE
,,,,,
www.samanews.ps,.,1,8,192.115.106.35#53(192.115.106.35),SECURE
www.samanews.ps,ps.,1,8,199.7.83.42#53(l.root-servers.net),INSECURE
www.samanews.ps,samanews.ps.,0,-1,147.28.0.39#53(rip.psg.com),INSECURE
www.samanews.ps,samanews.ps.,0,-1,188.241.115.14#53(ns13.cloudns.net),INSECURE
,,,,,
www.panamaamerica.com.pa,.,1,8,192.115.106.35#53(192.115.106.35),SECURE
www.panamaamerica.com.pa,pa.,1,8,199.7.91.13#53(d.root-servers.net),INSECURE
www.panamaamerica.com.pa,panamaamerica.com.pa.,0,-1,200.160.0.5#53(ns.dns.br),INSECURE
www.panamaamerica.com.pa,www.panamaamerica.com.pa.,1,13,173.245.59.133#53(noah.ns.cloudflare.com),INSECURE
,,,,,
www.elsiglo.com.pa,.,1,8,192.115.106.35#53(192.115.106.35),SECURE
www.elsiglo.com.pa,pa.,1,8,199.9.14.201#53(b.root-servers.net),INSECURE
www.elsiglo.com.pa,elsiglo.com.pa.,0,-1,200.107.82.100#53(dns.nic.cr),INSECURE
www.elsiglo.com.pa,elsiglo.com.pa.,0,-1,198.46.150.82#53(ns2.webhost.com.pa),INSECURE
,,,,,
www.laestrella.com.pa,.,1,8,192.115.106.35#53(192.115.106.35),SECURE
www.laestrella.com.pa,pa.,1,8,202.12.27.33#53(m.root-servers.net),INSECURE
www.laestrella.com.pa,laestrella.com.pa.,0,-1,168.77.8.2#53(ns.pa),INSECURE
www.laestrella.com.pa,laestrella.com.pa.,0,-1,144.217.81.136#53(ns1.webhost.com.pa),INSECURE
,,,,,
www.postcourier.com.pg,.,1,8,192.115.106.35#53(192.115.106.35),SECURE
www.postcourier.com.pg,pg.,1,8,192.203.230.10#53(e.root-servers.net),INSECURE
www.postcourier.com.pg,postcourier.COM.pg.,0,-1,202.165.192.23#53(ns1.tiare.net.pg),INSECURE
www.postcourier.com.pg,www.postcourier.com.pg.,0,-1,202.151.16.162#53(ns2.online.net.pg),INSECURE
,,,,,
www.bsp.com.pg,.,1,8,192.115.106.35#53(192.115.106.35),SECURE
www.bsp.com.pg,pg.,1,8,202.12.27.33#53(m.root-servers.net),INSECURE
www.bsp.com.pg,bsp.com.pg.,0,-1,202.29.151.3#53(munnari.oz.au),INSECURE
www.bsp.com.pg,bsp.com.pg.,0,-1,202.174.158.10#53(ns5.speedcast.com),INSECURE
,,,,,
www.dwu.ac.pg,.,1,8,192.115.106.35#53(192.115.106.35),SECURE
www.dwu.ac.pg,pg.,1,8,192.203.230.10#53(e.root-servers.net),INSECURE
www.dwu.ac.pg,dwu.ac.pg.,0,-1,202.29.151.3#53(munnari.oz.au),INSECURE
www.dwu.ac.pg,dwu.ac.pg.,0,-1,202.165.203.222#53(ns1.dwu.ac.pg),INSECURE
,,,,,
www.itau.com.py,.,1,8,192.115.106.35#53(192.115.106.35),SECURE
www.itau.com.py,py.,1,8,192.58.128.30#53(j.root-servers.net),INSECURE
www.itau.com.py,itau.com.py.,0,-1,200.33.111.1#53(m.dns.py),INSECURE
www.itau.com.py,itau.com.py.,0,-1,200.12.146.22#53(icorreo.itau.com.py),INSECURE
,,,,,
www.epa.com.py,.,1,8,192.115.106.35#53(192.115.106.35),SECURE
www.epa.com.py,py.,1,8,192.5.5.241#53(f.root-servers.net),INSECURE
www.epa.com.py,epa.com.py.,0,-1,200.0.68.10#53(l.dns.py),INSECURE
www.epa.com.py,www.epa.com.py.,0,-1,198.41.222.254#53(ns2.easydns.com),INSECURE
,,,,,
www.abc.com.py,.,1,8,192.115.106.35#53(192.115.106.35),SECURE
www.abc.com.py,py.,1,8,192.36.148.17#53(i.root-servers.net),INSECURE
www.abc.com.py,abc.com.py.,0,-1,198.6.1.65#53(u.dns.py),INSECURE
www.abc.com.py,abc.com.py.,0,-1,200.3.249.87#53(dns2.abc.com.py),INSECURE
