www.larepublica.pe;.;1;8;192.115.106.35#53(192.115.106.35);SECURE
www.larepublica.pe;pe.;1;8;198.41.0.4#53(a.root-servers.net):SECURE
www.larepublica.pe;8ICGC23DLME17B257U7MQBVNM0DKOD4G.pe.;1;8;204.61.216.85#53(pch.rcp.pe);SECURE
www.larepublica.pe;www.larepublica.pe.;1;13;173.245.58.124#53(kate.ns.cloudflare.com);SECURE

www.mercadolibre.com.pe;.;1;8;192.115.106.35#53(192.115.106.35);SECURE
www.mercadolibre.com.pe;pe.;1;8;199.9.14.201#53(b.root-servers.net);SECURE
www.mercadolibre.com.pe;AU91LVIMG7K1CKBI8LUME41I10A2TNB2.com.pe.;1;8;200.1.176.4#53(quipu.rcp.net.pe);Delegation INSECURE
www.mercadolibre.com.pe;mercadolibre.com.pe.;0;-1;205.251.192.106#53(ns-106.awsdns-13.com);Delegation INSECURE

www.elcomercio.pe;.;1;8;192.115.106.35#53(192.115.106.35);SECURE
www.elcomercio.pe;pe.;1;8;192.203.230.10#53(e.root-servers.net);SECURE
www.elcomercio.pe;73M9F084BGIGH2C53CJEVRLNAOFLHSDF.pe.;1;8;204.61.216.85#53(pch.rcp.pe);Delegation INSECURE
www.elcomercio.pe;elcomercio.pe.;0;-1;205.251.198.173#53(ns-1709.awsdns-21.co.uk);INSECURE

www.iwant.ph;.;1;8;192.115.106.35#53(192.115.106.35);SECURE
www.iwant.ph;ph.;1;8;192.36.148.17#53(i.root-servers.net);Delegation INSECURE
www.iwant.ph;iwant.ph.;0;-1;206.51.255.1#53(1.ns.ph);Delegation INSECURE
www.iwant.ph;www.iwant.ph.;0;-1;173.245.58.114#53(eva.ns.cloudflare.com);Delegation INSECURE

www.shopee.ph;.;1;8;192.115.106.35#53(192.115.106.35);SECURE
www.shopee.ph;ph.;1;8;192.203.230.10#53(e.root-servers.net);Delegation INSECURE
www.shopee.ph;shopee.ph.;0;-1;194.0.1.23#53(ph.communitydns.net);Delegation INSECURE
www.shopee.ph;shopee.ph.;0;-1;205.251.192.192#53(ns-192.awsdns-24.com);Delegation INSECURE

www.lazada.com.ph;.;1;8;192.115.106.35#53(192.115.106.35);SECURE
www.lazada.com.ph;ph.;1;8;199.7.91.13#53(d.root-servers.net);Delegation INSECURE
www.lazada.com.ph;lazada.com.ph.;0;-1;202.12.31.53#53(ns4.apnic.net);Delegation INSECURE, Name error: subdomains don't exist, server responded with wrong record
www.lazada.com.ph;www.lazada.com.ph.;0;-1;140.205.67.254#53(ns2.alibabadns.com);Delegation INSECURE, Name error: subdomains don't exist, server responded with wrong record

www.onet.pl;.;1;8;192.115.106.35#53(192.115.106.35);SECURE
www.onet.pl;pl.;1;8;199.9.14.201#53(b.root-servers.net);SECURE
www.onet.pl;O3RLTIOABRI6FGN0DV4HRAHFDBCCNJ2D.pl.;1;8;46.28.245.82#53(e-dns.pl);Delegation INSECURE
www.onet.pl;onet.pl.;0;-1;213.180.147.200#53(dns3.onet.pl);INSECURE

www.olx.pl;.;1;8;192.115.106.35#53(192.115.106.35);SECURE
www.olx.pl;pl.;1;8;199.7.83.42#53(l.root-servers.net);SECURE
www.olx.pl;PNSSQNHHDKJ359PQC470K7NAK7N25PN2.pl.;1;8;46.28.245.82#53(e-dns.pl);Delegation INSECURE, NS names not found in authoritative, AAAA authoritative records exist but no AAAA corresponding glue records
www.olx.pl;olx.pl.;0;-1;205.251.195.139#53(ns-907.awsdns-49.net);Delegation INSECURE, Glue addresses differ from authoritative addresses

www.allegro.pl;.;1;8;192.115.106.35#53(192.115.106.35);SECURE
www.allegro.pl;pl.;1;8;199.7.91.13#53(d.root-servers.net);SECURE
www.allegro.pl;osq24f3scr8a3gpp5m8tadpghrqpeh18.pl.;1;8;149.156.1.252#53(g-dns.pl);Delegation INSECURE
www.allegro.pl;www.allegro.pl.;0;-1;213.180.138.53#53(dns4.allegro.pl);INSECURE

www.abola.pt;.;1;8;192.115.106.35#53(192.115.106.35);SECURE
www.abola.pt;pt.;1;8;192.58.128.30#53(j.root-servers.net);SECURE, server supports cookies but didn't return cookie option, Server not responsive to queries over UDP
www.abola.pt;A0VN82UPUCL1J175L5HO0CTN9LJPL8BP.pt.;1;7;204.61.216.105#53(c.dns.pt);Delegation INSECURE, server supports cookies but didn't return cookie option
www.abola.pt;abola.pt.;0;-1;194.79.69.131#53(ns2.novis.pt);INSECURE

www.olx.pt;.;1;8;192.115.106.35#53(192.115.106.35);SECURE
www.olx.pt;pt.;1;8;199.9.14.201#53(b.root-servers.net);SECURE, server not responsive to queries over UDP
www.olx.pt;68OH72MP19GH0UKHS8VVLVCB4VSLIB2M.pt.;1;7;185.39.208.1#53(a.dns.pt);Delegation INSECURE, NS names not found in authoritative, AAAA authoritative records exist but no AAAA corresponding glue records
www.olx.pt;www.olx.pt.;0;-1;204.74.109.1#53(pdns2.ultradns.net);Delegation INSECURE

www.sapo.pt;.;1;8;192.115.106.35#53(192.115.106.35);SECURE
www.sapo.pt;pt.;1;8;192.112.36.4#53(g.root-servers.net);SECURE, Server not responsive to queries over UDP
www.sapo.pt;G47IK1187HG4HIQFVGMM8Q00EISJSTMG.pt.;1;7;204.61.216.105#53(c.dns.pt);Delegation INSECURE
www.sapo.pt;sapo.pt.;0;-1;212.55.154.202#53(ns.sapo.pt);INSECURE, Server responded with no OPT record

www.domains.pr;.;1;8;192.115.106.35#53(192.115.106.35);SECURE
www.domains.pr;pr.;1;8;199.7.91.13#53(d.root-servers.net);SECURE
www.domains.pr;domains.pr.;1;5;199.254.62.17#53(d0.pr.afilias-nst.org);Delegation INSECURE
www.domains.pr;domains.pr.;0;-1;212.1.211.126#53(ns27.boxsecured.com); INSECURE

www.gobierno.pr;.;1;8;192.115.106.35#53(192.115.106.35);SECURE
www.gobierno.pr;pr.;1;8;199.7.91.13#53(d.root-servers.net);SECURE, Server not responsive to queries over UDP
www.gobierno.pr;gobierno.pr.;1;5;200.0.68.10#53(a.lactld.org);Delegation INSECURE
www.gobierno.pr;pr.gov.;0;-1;13.88.181.87#53(ns7.pr.gov);INSECURE

www.dde.pr;.;1;8;192.115.106.35#53(192.115.106.35);SECURE
www.dde.pr;pr.;1;8;192.36.148.17#53(i.root-servers.net);SECURE
www.dde.pr;dde.pr.;1;5;194.0.11.111#53(pr-dns.denic.de);Delegation INSECURE
www.dde.pr;dde.pr.;0;-1;66.129.160.135#53(dns1.dde.pr);INSECURE

www.dohabank.qa;.;1;8;192.115.106.35#53(192.115.106.35);SECURE
www.dohabank.qa;qa.;1;8;198.41.0.4#53(a.root-servers.net);Delegation INSECURE
www.dohabank.qa;dohabank.qa.;0;-1;37.209.194.6#53(g.registry.qa);Delegation INSECURE
www.dohabank.qa;dohabank.qa.;0;-1;212.77.192.28#53(dns1.qatar.net.qa);INSECURE

www.ooredoo.qa;.;1;8;192.115.106.35#53(192.115.106.35);SECURE
www.ooredoo.qa;qa.;1;8;193.0.14.129#53(k.root-servers.net);Delegation INSECURE
www.ooredoo.qa;ooredoo.qa.;0;-1;204.61.216.62#53(i.registry.qa);Delegation INSECURE
www.ooredoo.qa;www.ooredoo.qa.;0;-1;212.77.192.28#53(dns1.qatar.net.qa);INSECURE

www.cbq.qa;.;1;8;192.115.106.35#53(192.115.106.35);SECURE
www.cbq.qa;qa.;1;8;198.97.190.53#53(h.root-servers.net);Delegation INSECURE
www.cbq.qa;cbq.qa.;0;-1;204.61.216.62#53(i.registry.qa);Delegation INSECURE
www.cbq.qa;cbq.qa.;0;-1;212.77.192.28#53(dns1.qatar.net.qa);INSECURE

www.linfaux974.re;.;1;8;192.115.106.35#53(192.115.106.35);SECURE
www.linfaux974.re;re.;1;8;199.9.14.201#53(b.root-servers.net);SECURE
www.linfaux974.re;linfaux974.re.;1;8;194.0.9.1#53(d.nic.fr);SECURE
www.linfaux974.re;www.linfaux974.re.;1;7;213.251.128.154#53(ns110.ovh.net);SECURE

www.clicanoo.re;.;1;8;192.115.106.35#53(192.115.106.35);SECURE
www.clicanoo.re;re.;1;8;199.7.83.42#53(l.root-servers.net);SECURE
www.clicanoo.re;4BJV8EVUO7C74LF4SGC1P908CJ9RNIFV.re.;1;8;194.0.9.1#53(d.nic.fr);Delegation INSECURE
www.clicanoo.re;www.clicanoo.re.;0;-1;173.245.59.125#53(jim.ns.cloudflare.com);INSECURE

www.linfo.re;.;1;8;192.115.106.35#53(192.115.106.35);SECURE
www.linfo.re;re.;1;8;199.7.83.42#53(l.root-servers.net);SECURE
www.linfo.re;O84ACMMSV6DDUVEM6SCOP5HN0PPP18P7.re.;1;8;194.0.36.1#53(g.ext.nic.fr);Delegation INSECURE
www.linfo.re;www.linfo.re.;0;-1;173.245.59.57#53(alan.ns.cloudflare.com);INSECURE

www.filelist.ro;.;1;8;192.115.106.35#53(192.115.106.35);SECURE
www.filelist.ro;ro.;1;8;192.5.5.241#53(f.root-servers.net);SECURE
www.filelist.ro;DLU9S5LHG8J87BLLUGLFOGEP5L6IS11N.ro.;1;8;192.162.16.20#53(sec-dns-a.rotld.ro);Delegation INSECURE
www.filelist.ro;www.filelist.ro.;0;-1;173.245.59.95#53(dale.ns.cloudflare.com);INSECURE

www.emag.ro;.;1;8;192.115.106.35#53(192.115.106.35);SECURE
www.emag.ro;ro.;1;8;193.0.14.129#53(k.root-servers.net);SECURE
www.emag.ro;H716DAPTNUV8MMT1R0TLFOGLP9U416BE.ro.;1;8;78.104.145.6#53(dns-at.rotld.ro);Delegation INSECURE
www.emag.ro;emag.ro.;0;-1;104.40.176.70#53(ns2.emag.ro);INSECURE

www.olx.ro;.;1;8;192.115.106.35#53(192.115.106.35);SECURE
www.olx.ro;ro.;1;8;192.36.148.17#53(i.root-servers.net);SECURE
www.olx.ro;27AE9250UGE92VH8QDA957P0K008LEQD.ro.;1;8;192.162.16.20#53(sec-dns-a.rotld.ro);Delegation INSECURE, NS names not found in authoritative, AAAA authoritative records exist but no AAAA corresponding glue records
www.olx.ro;olx.ro.;0;-1;205.251.193.14#53(ns-270.awsdns-33.com);Delegation INSECURE, Glue addresses differ from authoritative addresses

www.avito.ru;.;1;8;192.115.106.35#53(192.115.106.35);SECURE
www.avito.ru;ru.;1;8;192.203.230.10#53(e.root-servers.net);SECURE
www.avito.ru;AVITO.ru.;1;8;193.232.156.17#53(f.dns.ripn.net);SECURE
www.avito.ru;www.avito.ru.;1;13;173.245.58.159#53(grace.ns.cloudflare.com);SECURE

www.mail.ru;.;1;8;192.115.106.35#53(192.115.106.35);SECURE
www.mail.ru;ru.;1;8;192.58.128.30#53(j.root-servers.net);SECURE
www.mail.ru;TRVORRCA05M000P1MLSVG6F11S0DVOPE.ru.;1;8;193.232.142.17#53(e.dns.ripn.net);Delegation INSECURE, AAAA authoritative records exist but no AAAA corresponding glue records
www.mail.ru;mail.ru.;0;-1;185.30.176.202#53(ns3.mail.RU);INSECURE

www.yandex.ru;.;1;8;192.115.106.35#53(192.115.106.35);SECURE
www.yandex.ru;ru.;1;8;192.36.148.17#53(i.root-servers.net);SECURE
www.yandex.ru;QB1DMKU99511VS3AQSAEF99NNL9TIGED.ru.;1;8;193.232.156.17#53(f.dns.ripn.net);Delegation INSECURE
www.yandex.ru;yandex.ru.;0;-1;80.239.201.9#53(ns9.z5h64q92x9.net);INSECURE

www.bk.rw;.;1;8;192.115.106.35#53(192.115.106.35);SECURE
www.bk.rw;rw.;1;8;198.97.190.53#53(h.root-servers.net);Delegation INSECURE
www.bk.rw;bk.rw.;0;-1;77.72.229.254#53(fork.sth.dnsnode.net);Delegation INSECURE
www.bk.rw;bk.rw.;0;-1;197.243.16.231#53(ns3.aos.rw);INSECURE

www.umuseke.rw;.;1;8;192.115.106.35#53(192.115.106.35);SECURE
www.umuseke.rw;rw.;1;8;192.36.148.17#53(i.root-servers.net);Delegation INSECURE
www.umuseke.rw;umuseke.rw.;0;-1;77.72.229.254#53(fork.sth.dnsnode.net);Delegation INSECURE
www.umuseke.rw;umuseke.rw.;0;-1;97.74.109.20#53(ns39.domaincontrol.com);INSECURE

www.umuryango.rw;.;1;8;192.115.106.35#53(192.115.106.35);SECURE
www.umuryango.rw;rw.;1;8;193.0.14.129#53(k.root-servers.net);Delegation INSECURE
www.umuryango.rw;umuryango.rw.;0;-1;196.49.7.188#53(ns1.ricta.org.rw);Delegation INSECURE
www.umuryango.rw;umuryango.rw.;0;-1;198.57.217.70#53(ns1.yegosites.com);INSECURE

www.nic.lc;.;1;8;192.115.106.35#53(192.115.106.35);SECURE
www.nic.lc;lc.;1;8;192.33.4.12#53(c.root-servers.net);SECURE
www.nic.lc;tae3r0onunksiv0hhrg8j5beno0hlbd1.lc.;1;7;1199.254.60.1#53(b0.cctld.afilias-nst.org);Delegation INSECURE, NS names not found in authoritative
www.nic.lc;nic.lc.;0;-1;67.215.171.2#53(ns1.nic.ag);INSECURE, NS name did not resolve to address

www.stlucia.gov.lc;.;1;8;192.115.106.35#53(192.115.106.35);SECURE
www.stlucia.gov.lc;lc.;1;8;199.7.83.42#53(l.root-servers.net);SECURE
www.stlucia.gov.lc;pd5u82snjf4cbj6dqbu5rqkn1g5rhm9t.lc.;1;7;199.249.116.1#53(a2.cctld.afilias-nst.info);Delegation INSECURE
www.stlucia.gov.lc;stlucia.gov.lc.;0;-1;67.215.171.6#53(ns2.dnsserver.ag);Delegation INSECURE, NS names not found in authoritative
www.stlucia.gov.lc;stlucia.gov.lc.;0;-1;208.94.149.4#53(ns15.dnsmadeeasy.com);INSECURE

www.govt.lc;.;1;8;192.115.106.35#53(192.115.106.35);SECURE
www.govt.lc;lc.;1;8;192.58.128.30#53(j.root-servers.net);SECURE
www.govt.lc;7mjunsiiph82nr077p18qin02e8f6306.lc.;1;7;199.249.116.1#53(a2.cctld.afilias-nst.info);Delegation INSECURE, NS names not found in authoritative
www.govt.lc;govt.lc.;0;-1;208.80.124.4#53(ns11.dnsmadeeasy.com);INSECURE

www.almubasher.com.sa;.;1;8;192.115.106.35#53(192.115.106.35);SECURE
www.almubasher.com.sa;sa.;1;8;193.0.14.129#53(k.root-servers.net);SECURE
www.almubasher.com.sa;nq7gim23e3rdi1cm7uo00n4k0tov05c1.com.sa.;1;8;194.146.106.102#53(n.nic.net.sa);Delegation INSECURE, NS names not found in authoritative, No RRSIG was returned in the response
www.almubasher.com.sa;www.almubasher.com.sa.;0;-1;212.12.160.2#53(ns1.nour.net.sa);Delegation INSECURE, NS names not found in authoritative, SOA RR not matching zone name was returned with the NODATA response

www.ajel.sa;.;1;8;192.115.106.35#53(192.115.106.35);SECURE
www.ajel.sa;sa.;1;8;199.9.14.201#53(b.root-servers.net);SECURE
www.ajel.sa;b84tg0sjtddvk20s4m5ljffrog17ljlj.sa.;1;8;86.111.196.9#53(ns2.nic.net.sa);Delegation INSECURE
www.ajel.sa;www.ajel.sa.;0;-1;173.245.58.140#53(rita.ns.cloudflare.com);INSECURE

www.haraj.com.sa;.;1;8;192.115.106.35#53(192.115.106.35);SECURE
www.haraj.com.sa;sa.;1;8;199.7.91.13#53(d.root-servers.net);SECURE
www.haraj.com.sa;hvv3qmr0scbc485g72s9du692hncpudh.com.sa.;1;8;37.107.223.170#53(s.nic.net.sa);SECURE
www.haraj.com.sa;haraj.com.sa.;0;-1;205.251.192.183#53(ns-183.awsdns-22.com);Delegation INSECURE

www.jumia.sn;.;1;8;192.115.106.35#53(192.115.106.35);SECURE
www.jumia.sn;sn.;1;8;192.33.4.12#53(c.root-servers.net);SECURE
www.jumia.sn;NC1T5VHG3UQ6DRQDU04BVLH4SAOLVLAN.sn.;1;8;194.0.9.1#53(ns-sn.nic.fr);Delegation INSECURE
www.jumia.sn;jumia.sn.;0;-1;205.251.195.41#53(ns-809.awsdns-37.net);INSECURE

www.passorange.sn;.;1;8;192.115.106.35#53(192.115.106.35);SECURE
www.passorange.sn;sn.;1;8;192.203.230.10#53(e.root-servers.net);SECURE
www.passorange.sn;GQBRIQEK44G3LNGA0VPRCQGRVN3E20LH.sn.;1;8;91.203.32.147#53(censvrns0001.ird.fr);Delegation INSECURE, NS names not found in authoritative
www.passorange.sn;www.passorange.sn.;0;-1;41.208.148.68#53(ns2.sonatel.sn);INSECURE

www.uvs.sn;.;1;8;192.115.106.35#53(192.115.106.35);SECURE
www.uvs.sn;sn.;1;8;192.36.148.17#53(i.root-servers.net);SECURE

www.alo.rs;.;1;8;192.115.106.35#53(192.115.106.35);SECURE
www.alo.rs;rs.;1;8;199.7.91.13#53(d.root-servers.net);Delegation INSECURE
www.alo.rs;alo.rs.;0;-1;192.5.4.1#53(k.nic.rs);Delegation INSECURE, NS names not found in authoritative
www.alo.rs;ha.rs.;0;-1;91.222.7.7#53(ns.bg2.ha.rs);INSECURE

www.kurir.rs;.;1;8;192.115.106.35#53(192.115.106.35);SECURE
www.kurir.rs;rs.;1;8;192.112.36.4#53(g.root-servers.net);Delegation INSECURE
www.kurir.rs;kurir.rs.;0;-1;195.178.32.2#53(b.nic.rs);Delegation INSECURE
www.kurir.rs;l.providus.rs.;0;-1;79.175.127.152#53(ns2.providus.rs);Delegation INSECURE, Server not responsive to queries over UDP

www.blic.rs;.;1;8;192.115.106.35#53(192.115.106.35);SECURE
www.blic.rs;rs.;1;8;192.33.4.12#53(c.root-servers.net);Delegation INSECURE
www.blic.rs;blic.rs.;0;-1;91.199.17.60#53(h.nic.rs);Delegation INSECURE, NS names not found in authoritative
www.blic.rs;www.blic.rs.;0;-1;91.222.7.7#53(ns.bg2.ha.rs);Delegation INSECURE

www.icare.sc;.;1;8;192.115.106.35#53(192.115.106.35);SECURE
www.icare.sc;sc.;1;8;198.97.190.53#53(h.root-servers.net);SECURE
www.icare.sc;a9th98gtgit8982hsgvdvfcjnofpt2tf.sc.;1;7;199.249.116.1#53(a2.cctld.afilias-nst.info);Delegation INSECURE, NS names not found in authoritative
www.icare.sc;icare.sc.;0;-1;41.220.110.3#53(ns2a.intelvision.sc);INSECURE, Server not responsive to queries over UDP

www.intelvision.sc;.;1;8;192.115.106.35#53(192.115.106.35);SECURE
www.intelvision.sc;sc.;1;8;202.12.27.33#53(m.root-servers.net);SECURE
www.intelvision.sc;qkvu5rd50v9ed4sgamepo5e7rp3jr831.sc.;1;7;199.249.124.1#53(b2.cctld.afilias-nst.org);Delegation INSECURE, NS names not found in authoritative
www.intelvision.sc;intelvision.sc.;0;-1;196.46.148.22#53(ns1a.intelvision.sc);INSECURE, Server not responsive to queries over UDP

www.egov.sc;.;1;8;192.115.106.35#53(192.115.106.35);SECURE
www.egov.sc;sc.;1;8;199.7.91.13#53(d.root-servers.net);SECURE
www.egov.sc;5fpj2qlur5de6nla1c3ievhhreummhus.sc.;1;7;199.254.59.1#53(a0.cctld.afilias-nst.info);Delegation INSECURE, Glue addresses differ from authoritative addresses
www.egov.sc;egov.sc.;0;-1;196.13.208.11#53(ns1.gov.sc);INSECURE, Server not responsive to queries over UDP

www.nic.sl;.;1;8;192.115.106.35#53(192.115.106.35);SECURE
www.nic.sl;sl.;1;8;192.5.5.241#53(f.root-servers.net);Delegation INSECURE, The Signature Inception for the RRSIG RR is in the future
www.nic.sl;nic.sl.;1;7;208.109.17.150#53(ns2.neoip.com);Delegation INSECURE
www.nic.sl;www.nic.sl.;0;-1;173.245.58.137#53(olga.ns.cloudflare.com);INSECURE

www.ncra.gov.sl;.;1;8;192.115.106.35#53(192.115.106.35);SECURE
www.ncra.gov.sl;sl.;1;8;198.41.0.4#53(a.root-servers.net);Delegation INSECURE, The Signature Inception for the RRSIG RR is in the future
www.ncra.gov.sl;ncra.gov.sl.;1;8;62.90.247.118#53(ns1.neoip.com);Delegation INSECURE
www.ncra.gov.sl;ncra.gov.sl.;0;-1;143.95.40.189#53(ns1.win.arvixe.com);INSECURE

www.careers.sl;.;1;8;192.115.106.35#53(192.115.106.35);SECURE
www.careers.sl;sl.;1;8;192.36.148.17#53(i.root-servers.net);Delegation INSECURE, The Signature Inception for the RRSIG RR is in the future
www.careers.sl;careers.sl.;1;7;62.90.247.118#53(ns1.neoip.com);Delegation INSECURE
www.careers.sl;careers.sl.;0;-1;205.251.194.147#53(ns-659.awsdns-18.net);INSECURE

www.dbs.com.sg;.;1;8;192.115.106.35#53(192.115.106.35);SECURE
www.dbs.com.sg;sg.;1;8;192.203.230.10#53(e.root-servers.net);SECURE
www.dbs.com.sg;COM.SG.;1;8;202.12.31.53#53(ns4.apnic.net);Delegation INSECURE, AAAA authoritative records exist but no AAAA corresponding glue records
www.dbs.com.sg;NDTKP7109DNP1Q26JCDOL0FTLO2TKALO.com.sg.;1;8;120.29.253.11#53(DSANY.SGNIC.SG);Delegation INSECURE, Glue addresses differ from authoritative addresses
www.dbs.com.sg;www.dbs.com.sg.;0;-1;23.211.61.66#53(a22-66.akam.net);INSECURE

www.qoo10.sg;.;1;8;192.115.106.35#53(192.115.106.35);SECURE
www.qoo10.sg;sg.;1;8;199.9.14.201#53(b.root-servers.net);SECURE
www.qoo10.sg;0A20P8L2MVSVJLOQU2S47SB8E74OIJ30.sg.;1;8;120.29.253.11#53(dsany.sgnic.sg);Delegation INSECURE, AAAA authoritative records exist but no AAAA corresponding glue records, NS names not found in authoritative
www.qoo10.sg;qoo10.sg.;0;-1;205.251.194.111#53(ns-623.awsdns-13.net);INSECURE

www.lazada.sg;.;1;8;192.115.106.35#53(192.115.106.35);SECURE
www.lazada.sg;sg.;1;8;199.7.83.42#53(l.root-servers.net);SECURE
www.lazada.sg;6O1QRCVIVA9AM00R3LV2D1EQH7SFF67R.sg.;1;8;185.159.197.170#53(dsany2.sgnic.sg);Delegation INSECURE, Server responded with no OPT record, Name error: subdomains don't exist, server responded with wrong record
www.lazada.sg;www.lazada.sg.;0;-1;198.11.138.254#53(ns1.alibabadns.com);Delegation INSECURE, Server responded with no OPT record, Name error: subdomains don't exist, server responded with wrong record, SOA RR not matching zone name was returned with the NODATA response

www.bazos.sk;.;1;8;192.115.106.35#53(192.115.106.35);SECURE
www.bazos.sk;sk.;1;8;202.12.27.33#53(m.root-servers.net);SECURE
www.bazos.sk;29bl12f849n4e877nen4cdi6a67m463p.sk.;1;13;84.245.96.1#53(b.tld.sk);Delegation INSECURE
www.bazos.sk;bazos.sk.;0;-1;81.95.96.2#53(alfa.ns.active24.cz);INSECURE

www.sme.sk;.;1;8;192.115.106.35#53(192.115.106.35);SECURE
www.sme.sk;sk.;1;8;192.5.5.241#53(f.root-servers.net);SECURE
www.sme.sk;t99djgte8gdiq5ghfgidnass2hfp9utf.sk.;1;13;212.18.249.16#53(h.tld.sk);Delegation INSECURE
www.sme.sk;www.sme.sk.;0;-1;185.91.200.2#53(nss1.bonet.sk);INSECURE

www.aktuality.sk;.;1;8;192.115.106.35#53(192.115.106.35);SECURE
www.aktuality.sk;sk.;1;8;192.112.36.4#53(g.root-servers.net);SECURE
www.aktuality.sk;.sk.;1;13;195.12.159.1#53(c.tld.sk);Delegation INSECURE
www.aktuality.sk;aktuality.sk.;0;-1;91.235.53.13#53(ns3.etech.sk);INSECURE

www.rtvslo.si;.;1;8;192.115.106.35#53(192.115.106.35);SECURE
www.rtvslo.si;si.;1;8;199.7.83.42#53(l.root-servers.net);SECURE
www.rtvslo.si;v760hdjg2f6fp43a0sc25qtu963rn6gi.si.;1;8;194.0.1.20#53(g.dns.si);Delegation INSECURE, Server not responsive to queries over UDP
www.rtvslo.si;rtvslo.si.;0;-1;212.18.32.142#53(ns3.amis.net);INSECURE

www.nova24tv.si;.;1;8;192.115.106.35#53(192.115.106.35);SECURE
www.nova24tv.si;si.;1;8;193.0.14.129#53(k.root-servers.net);SECURE
www.nova24tv.si;59hqlcnfned8gk5s3bgkgbggk96br9g7.SI.;1;8;108.59.164.1#53(j.dns.si);Delegation INSECURE, Server not responsive to queries over UDP
www.nova24tv.si;www.nova24tv.si.;0;-1;173.245.59.85#53(chris.ns.cloudflare.com);INSECURE

www.partis.si;.;1;8;192.115.106.35#53(192.115.106.35);SECURE
www.partis.si;si.;1;8;199.7.91.13#53(d.root-servers.net);SECURE
www.partis.si;cm7anf0i7tjscen39vgdquqcch2nuvsn.si.;1;8;194.146.106.62#53(f.dns.si);Delegation INSECURE, Server not responsive to queries over UDP
www.partis.si;www.partis.si.;0;-1;173.245.59.237#53(terry.ns.cloudflare.com);INSECURE

movierulz.so;.;1;8;192.115.106.35#53(192.115.106.35);SECURE
movierulz.so;so.;1;8;199.7.83.42#53(l.root-servers.net);Delegation INSECURE
movierulz.so;movierulz.so.;0;-1;196.216.168.54#53(d.nic.so);Delegation INSECURE
movierulz.so;movierulz.so.;0;-1;185.136.96.111#53(pns1.cloudns.net);INSECURE

sonic.so;.;1;8;192.115.106.35#53(192.115.106.35);SECURE
sonic.so;so.;1;8;202.12.27.33#53(m.root-servers.net);Delegation INSECURE, NS names not found in authoritative
sonic.so;sonic.so.;0;-1;196.216.168.54#53(d.nic.so);Delegation INSECURE, NS names not found in authoritative
sonic.so;sonic.so.;0;-1;212.1.210.106#53(ns44.boxsecured.com);INSECURE

www.edu.so;.;1;8;192.115.106.35#53(192.115.106.35);SECURE
www.edu.so;so.;1;8;192.5.5.241#53(f.root-servers.net);SECURE
www.edu.so;edu.so.;0;hostmaster.nic.so.;204.61.216.101#53(e.nic.so);SECURE

www.pricecheck.co.za;.;1;8;192.115.106.35#53(192.115.106.35);SECURE
www.pricecheck.co.za;za.;1;8;199.7.83.42#53(l.root-servers.net);SECURE
www.pricecheck.co.za;co.za.;1;8;204.61.216.55#53(za-ns.anycast.pch.net);SECURE
www.pricecheck.co.za;ijsq2ts38ev14em5bv8l83tv0vhrngsf.co.za.;1;8;196.7.0.137#53(ns3.iafrica.com);Delegation INSECURE
www.pricecheck.co.za;pricecheck.co.za.;0;-1;205.251.199.251#53(ns-2043.awsdns-63.co.uk);INSECURE

www.gumtree.co.za;.;1;8;192.115.106.35#53(192.115.106.35);SECURE
www.gumtree.co.za;za.;1;8;202.12.27.33#53(m.root-servers.net);SECURE
www.gumtree.co.za;co.za.;1;8;204.61.216.55#53(za-ns.anycast.pch.net);Delegation INSECURE, NS names not found in authoritative, AAAA authoritative records exist but no AAAA corresponding glue records
www.gumtree.co.za;ssnisueej12o1tsguqbpmfhqud3n5mcr.co.za.;1;8;206.223.136.200#53(ns.coza.net.za);Delegation INSECURE
www.gumtree.co.za;www.gumtree.co.za.;0;-1;208.78.70.13#53(ns1.p13.dynect.net);INSECURE

www.fnb.co.za;.;1;8;192.115.106.35#53(192.115.106.35);SECURE
www.fnb.co.za;za.;1;8;199.7.91.13#53(d.root-servers.net);SECURE
www.fnb.co.za;co.za.;1;8;204.61.216.55#53(za-ns.anycast.pch.net);SECURE
www.fnb.co.za;40sl8md163p48sl9hifmhlafvdl9159b.co.za.;1;8;196.4.160.17#53(ns0.is.co.za);Delegation INSECURE
www.fnb.co.za;www.fnb.co.za.;0;-1;196.11.129.18#53(ns03.fnbconnect.co.za);INSECURE

www.auction.co.kr;.;1;8;192.115.106.35#53(192.115.106.35);SECURE
www.auction.co.kr;kr.;1;8;193.0.14.129#53(k.root-servers.net);SECURE
www.auction.co.kr;S5A7C3PQ2GAS62BSFLRMQDR53IDFRKIH.co.kr.;1;7;210.101.62.1#53(f.dns.kr);Delegation INSECURE
www.auction.co.kr;www.auction.co.kr.;0;-1;66.114.55.22#53(ns2.cdnetdns.net);Delegation INSECURE, SOA RR not matching zone name was returned with the NODATA response

www.gmarket.co.kr;.;1;8;192.115.106.35#53(192.115.106.35);SECURE
www.gmarket.co.kr;kr.;1;8;192.112.36.4#53(g.root-servers.net);SECURE
www.gmarket.co.kr;UKGQDFJRG1HS7B23D8EKUGRO5TBIMGP9.co.kr.;1;7;210.101.62.1#53(f.dns.kr);Delegation INSECURE, SOA RR not matching zone name was returned with the NODATA response, The server returned CNAME but other recors types exist at that name
www.gmarket.co.kr;www.gmarket.co.kr.;0;-1;66.114.55.22#53(ns2.cdnetdns.net);Delegation INSECURE, NS names not found in authoritative, Server not responsive to queries over UDP


www.ntdtv.kr;.;1;8;192.115.106.35#53(192.115.106.35);SECURE
www.ntdtv.kr;kr.;1;8;192.33.4.12#53(c.root-servers.net);SECURE
www.ntdtv.kr;www.ntdtv.kr.;0;-1;202.30.124.100#53(e.dns.kr);Delegation INSECURE

www.abc.es;.;1;8;192.115.106.35#53(192.115.106.35);SECURE, NS names not found in authoritative
www.abc.es;es.;1;8;192.58.128.30#53(j.root-servers.net);SECURE
www.abc.es;nm90clv4puk4mh6pcj721ui8gbltdsrg.es.;1;8;192.5.4.1#53(sns-pb.isc.org);Delegation INSECURE, NS names not found in authoritative, AAAA authoritative records exist but no AAAA corresponding glue records
www.abc.es;www.abc.es.;0;-1;2.16.130.66#53(a24-66.akam.net);Delegation INSECURE

www.caixabank.es;.;1;8;192.115.106.35#53(192.115.106.35);SECURE, NS names not found in authoritative
www.caixabank.es;es.;1;8;192.5.5.241#53(f.root-servers.net);SECURE
www.caixabank.es;1akmlr8larvnu03797d2jgtaouutb8ql.es.;1;8;192.5.4.1#53(sns-pb.isc.org);Delegation INSECURE, NS names not found in authoritative
www.caixabank.es;www.caixabank.es.;0;-1;198.7.29.5#53(ns3.edgecastdns.net);INSECURE

www.elmundo.es;.;1;8;192.115.106.35#53(192.115.106.35);SECURE, NS names not found in authoritative
www.elmundo.es;es.;1;8;198.41.0.4#53(a.root-servers.net);SECURE
www.elmundo.es;dmvvr0aknt3sn8tlrbjqoefsf3laaiu6.es.;1;8;204.61.217.1#53(g.nic.es);Delegation INSECURE, NS names not found in authoritative, AAAA authoritative records exist but no AAAA corresponding glue records
www.elmundo.es;www.elmundo.es.;0;-1;13.107.24.2#53(ns3-02.azure-dns.org);Delegation INSECURE, Glue addresses differ from authoritative addresses

www.ikman.lk;.;1;8;192.115.106.35#53(192.115.106.35);SECURE
www.ikman.lk;lk.;1;8;192.33.4.12#53(c.root-servers.net);SECURE, Server not responsive to queries over UDP
www.ikman.lk;ikman.lk.;1;5;203.94.66.129#53(t.nic.lk);Delegation INSECURE
www.ikman.lk;www.ikman.lk.;0;-1;173.245.58.147#53(vera.ns.cloudflare.com);INSECURE

www.hirunews.lk;.;1;8;192.115.106.35#53(192.115.106.35);SECURE
www.hirunews.lk;lk.;1;8;199.7.83.42#53(l.root-servers.net);SECURE, Server not responsive to queries over UDP
www.hirunews.lk;hirunews.lk.;1;5;202.129.235.229#53(m.nic.lk);Delegation INSECURE
www.hirunews.lk;hirunews.lk.;0;-1;69.73.181.88#53(ns2.lotustechnologieslk.net);INSECURE

www.hirufm.lk;.;1;8;192.115.106.35#53(192.115.106.35);SECURE
www.hirufm.lk;lk.;1;8;192.36.148.17#53(i.root-servers.net);SECURE, Server not responsive to queries over UDP
www.hirufm.lk;hirufm.lk.;1;5;192.248.1.162#53(ns1.ac.lk);Delegation INSECURE
www.hirufm.lk;hirufm.lk.;0;-1;162.243.25.237#53(ns1.lotustechnologieslk.net);INSECURE

www.dna.sr;.;1;8;192.115.106.35#53(192.115.106.35);SECURE
www.dna.sr;sr.;1;8;192.112.36.4#53(g.root-servers.net);Delegation INSECURE, AAAA authoritative records exist but no AAAA corresponding glue records
www.dna.sr;dna.sr.;0;-1;200.2.162.30#53(ns2.sr.net);Delegation INSECURE, Server not responsive to queries over UDP
www.dna.sr;dna.sr.;0;-1;205.251.199.50#53(ns-1842.awsdns-38.co.uk);Delegation INSECURE

www.hakrinbank.sr;.;1;8;192.115.106.35#53(192.115.106.35);SECURE
www.hakrinbank.sr;sr.;1;8;199.9.14.201#53(b.root-servers.net);Delegation INSECURE, AAAA authoritative records exist but no AAAA corresponding glue records
www.hakrinbank.sr;hakrinbank.sr.;0;-1;200.1.159.148#53(ns1.sr.net);Delegation INSECURE, Server not responsive to queries over UDP
www.hakrinbank.sr;hakrinbank.sr.;0;-1;168.195.218.35#53(ns1.isp.datasur.sr);INSECURE

www.suribet.sr;.;1;8;192.115.106.35#53(192.115.106.35);SECURE
www.suribet.sr;sr.;1;8;202.12.27.33#53(m.root-servers.net);Delegation INSECURE, AAAA authoritative records exist but no AAAA corresponding glue records
www.suribet.sr;suribet.sr.;0;-1;200.2.162.30#53(ns2.sr.net);Delegation INSECURE, Server not responsive to queries over UDP
www.suribet.sr;www.suribet.sr.;0;-1;173.245.58.162#53(hera.ns.cloudflare.com);INSECURE

www.altcointrader.co.za;.;1;8;192.115.106.35#53(192.115.106.35);SECURE
www.altcointrader.co.za;za.;1;8;192.36.148.17#53(i.root-servers.net);SECURE
www.altcointrader.co.za;co.za.;1;8;196.4.160.27#53(nsza.is.co.za);SECURE
www.altcointrader.co.za;6329mr3h0orv2u85rttr5620n7c0ccvp.co.za.;1;8;66.135.46.112#53(ns2.dns.business);Delegation INSECURE
www.altcointrader.co.za;www.altcointrader.co.za.;0;-1;173.245.59.245#53(vin.ns.cloudflare.com);INSECURE

www.fnbswaziland.co.sz;.;1;8;192.115.106.35#53(192.115.106.35);SECURE
www.fnbswaziland.co.sz;sz.;1;8;192.112.36.4#53(g.root-servers.net);Delegation INSECURE
www.fnbswaziland.co.sz;fnbswaziland.co.sz.;0;-1;147.28.0.39#53(rip.psg.com);Delegation INSECURE, NS names not found in authoritative
www.fnbswaziland.co.sz;fnbswaziland.co.sz.;0;-1;196.4.160.3#53(jupiter.is.co.za);INSECURE, NS names not found in authoritative

www.uniswa.sz;.;1;8;192.115.106.35#53(192.115.106.35);SECURE
www.uniswa.sz;sz.;1;8;198.97.190.53#53(h.root-servers.net);Delegation INSECURE
www.uniswa.sz;uniswa.sz.;0;-1;41.77.232.4#53(ns1.sispa.org.sz);Delegation INSECURE, NS names not found in authoritative
www.uniswa.sz;uniswa.sz.;0;-1;69.63.71.163#53(ns3.uniswa.sz);INSECURE, Server not responsive to queries over UDP

www.aftonbladet.se;.;1;8;192.115.106.35#53(192.115.106.35);SECURE
www.aftonbladet.se;se.;1;8;192.58.128.30#53(j.root-servers.net);SECURE
www.aftonbladet.se;aftonbladet.se.;1;8;185.159.197.150#53(y.ns.se);Delegation INSECURE, NS names not found in authoritative
www.aftonbladet.se;delivery-varnish.aftonbladet.se.;0;-1;212.112.160.42#53(a.ns.ip-only.net);INSECURE, NS names not found in authoritative

www.vklass.se;.;1;8;192.115.106.35#53(192.115.106.35);SECURE
www.vklass.se;se.;1;8;192.5.5.241#53(f.root-servers.net);SECURE
www.vklass.se;vklass.se.;1;8;199.254.63.1#53(j.ns.se);SECURE
www.vklass.se;www.vklass.se.;1;13;162.159.9.203#53(ns2.vklass.se);SECURE

www.blocket.se;.;1;8;192.115.106.35#53(192.115.106.35);SECURE
www.blocket.se;se.;1;8;198.97.190.53#53(h.root-servers.net);SECURE
www.blocket.se;blocket.se.;1;8;192.71.53.53#53(f.ns.se);Delegation INSECURE
www.blocket.se;blocket.se.;0;-1;185.49.135.244#53(ns4.blocket.se);INSECURE

www.srf.ch;.;1;8;192.115.106.35#53(192.115.106.35);SECURE
www.srf.ch;ch.;1;8;192.203.230.10#53(e.root-servers.net);SECURE
www.srf.ch;CLIT5BVKQ47UDLI2IFDDCCQNLFI3FHTU.ch.;1;13;194.0.17.1#53(e.nic.ch);Delegation INSECURE, NS names not found in authoritative, AAAA authoritative records exist but no AAAA corresponding glue records
www.srf.ch;www.srf.ch.;0;-1;204.13.250.23#53(ns2.p23.dynect.net);Delegation INSECURE, Glue addresses differ from authoritative addresses

www.20min.ch;.;1;8;192.115.106.35#53(192.115.106.35);SECURE
www.20min.ch;ch.;1;8;199.7.91.13#53(d.root-servers.net);SECURE
www.20min.ch;FS5U71BASN62E0TO0KJOD8IF7DRJ0PBF.ch.;1;13;194.0.17.1#53(e.nic.ch);Delegation INSECURE
www.20min.ch;20min.ch.;0;-1;217.192.237.170#53(ns2.glipac.ch);INSECURE

www.bluewin.ch;.;1;8;192.115.106.35#53(192.115.106.35);SECURE
www.bluewin.ch;ch.;1;8;192.33.4.12#53(c.root-servers.net);SECURE
www.bluewin.ch;95SVD9ON0CQQ6SU3P3VE6LUD89EF8ILJ.ch.;1;13;130.59.31.41#53(a.nic.ch);Delegation INSECURE
www.bluewin.ch;bluewin.ch.;0;-1;195.186.196.180#53(adnso1.bluewin.ch);INSECURE

www.syriatel.sy;.;1;8;192.115.106.35#53(192.115.106.35);SECURE
www.syriatel.sy;sy.;1;8;199.7.91.13#53(d.root-servers.net);Delegation INSECURE
www.syriatel.sy;syriatel.sy.;0;-1;204.61.216.71#53(pch.anycast.tld.sy);Delegation INSECURE
www.syriatel.sy;syriatel.sy.;0;-1;94.252.181.134#53(auth1.syriatelisp.com.sy);INSECURE

www.hiast.edu.sy;.;1;8;192.115.106.35#53(192.115.106.35);SECURE
www.hiast.edu.sy;sy.;1;8;192.36.148.17#53(i.root-servers.net);Delegation INSECURE
www.hiast.edu.sy;hiast.edu.sy.;0;-1;193.0.9.113#53(sy.cctld.authdns.ripe.net);Delegation INSECURE, Server not responsive to queries over TCP

www.sana.sy;.;1;8;192.115.106.35#53(192.115.106.35);SECURE
www.sana.sy;sy.;1;8;192.5.5.241#53(f.root-servers.net);Delegation INSECURE
www.sana.sy;sana.sy.;0;-1;82.137.200.85#53(ns1.tld.sy);Delegation INSECURE, NS names not found in authoritative
www.sana.sy;sana.sy.;0;-1;213.178.225.6#53(ns1.scs-net.org);INSECURE, ERROR: Response had an invalid RCODE, NS names not found in authoritative, ERROR: The server responded over UDP with malformed response or invalid RCODE, ERROR: The server responded over TCP with malformed response or invalid RCODE

www.momoshop.com.tw;.;1;8;192.115.106.35#53(192.115.106.35);SECURE
www.momoshop.com.tw;tw.;1;8;193.0.14.129#53(k.root-servers.net);SECURE
www.momoshop.com.tw;com.tw.;1;8;203.73.24.25#53(a.dns.tw);SECURE
www.momoshop.com.tw;9SEQPHG2UR65J4KFAQ253IO4LN7M5D0T.com.tw.;1;8;211.20.231.12#53(e.twnic.net.tw);Delegation LAME
www.momoshop.com.tw;www.momoshop.com.tw.;0;-1;61.219.5.130#53(dns3.momoshop.com.tw);INSECURE, ERROR: Server did not respond authoritatively for the namespace

www.dcard.tw;.;1;8;192.115.106.35#53(192.115.106.35);SECURE
www.dcard.tw;tw.;1;8;192.33.4.12#53(c.root-servers.net);SECURE
www.dcard.tw;9SQSBGP15LEL30DOVFECK2J8P69FIDJM.tw.;1;8;60.199.165.186#53(d.dns.tw);Delegation INSECURE
www.dcard.tw;www.dcard.tw.;0;-1;173.245.59.174#53(hal.ns.cloudflare.com);INSECURE

www.shopee.tw;.;1;8;192.115.106.35#53(192.115.106.35);SECURE
www.shopee.tw;tw.;1;8;202.12.27.33#53(m.root-servers.net);SECURE
www.shopee.tw;BVJKSJ8K169FMAGMETOJ7O2AJE7JS7KG.tw.;1;8;203.66.87.201#53(c.dns.tw);Delegation INSECURE
www.shopee.tw;shopee.tw.;0;-1;205.251.194.231#53(ns-743.awsdns-28.net);INSECURE

www.topvideo.tj;.;1;8;192.115.106.35#53(192.115.106.35);SECURE
www.topvideo.tj;tj.;1;8;199.7.83.42#53(l.root-servers.net);Delegation INSECURE
www.topvideo.tj;topvideo.tj.;0;-1;193.0.9.117#53(tj.cctld.authdns.ripe.net);Delegation INSECURE, ERROR: The server for the parent zone responded with a referral instead of answering authoritatively for the DS RR type
www.topvideo.tj;topvideo.tj.;0;-1;193.111.11.2#53(ns.tojikiston.com);INSECURE

www.mix.tj;.;1;8;192.115.106.35#53(192.115.106.35);SECURE
www.mix.tj;tj.;1;8;192.58.128.30#53(j.root-servers.net);Delegation INSECURE
www.mix.tj;mix.tj.;0;-1;193.111.11.4#53(ns2.tojikiston.com);Delegation INSECURE, NS names not found in authoritative, ERROR: The server for the parent zone responded with a referral instead of answering authoritatively for the DS RR type.
www.mix.tj;mix.tj.;0;-1;185.50.27.12#53(ns2.beget.ru);INSECURE

www.somon.tj;.;1;8;192.115.106.35#53(192.115.106.35);SECURE
www.somon.tj;tj.;1;8;199.7.83.42#53(l.root-servers.net);Delegation INSECURE
www.somon.tj;somon.tj.;0;-1;128.223.32.35#53(phloem.uoregon.edu);Delegation INSECURE, ERROR: The server for the parent zone responded with a referral instead of answering authoritatively for the DS RR type.
www.somon.tj;www.somon.tj.;0;-1;173.245.59.177#53(isaac.ns.cloudflare.com);INSECURE

www.tra.go.tz;.;1;8;192.115.106.35#53(192.115.106.35);SECURE
www.tra.go.tz;tz.;1;8;192.5.5.241#53(f.root-servers.net);SECURE
www.tra.go.tz;nvnehja5dr0jrovgeppugd5drf6o5fjn.go.tz.;1;10;193.29.206.2#53(d.ext.nic.cz);SECURE
www.tra.go.tz;tra.go.tz.;0;-1;196.46.100.2#53(nspri.ttcldata.net);Delegation INSECURE, NS names not found in authoritative, ERROR: Response had an invalid RCODE, ERROR: No response was received from the server over UDP (tried 12 times)

www.m-bet.co.tz;.;1;8;192.115.106.35#53(192.115.106.35);SECURE
www.m-bet.co.tz;tz.;1;8;192.36.148.17#53(i.root-servers.net);SECURE
www.m-bet.co.tz;m547aticns6tt63kouk7a7llus4qlp5h.co.tz.;1;10;192.5.4.1#53(sns-pb.isc.org);SECURE
www.m-bet.co.tz;m-bet.co.tz.;0;-1;192.185.170.42#53(ns2.dottech.co.tz);Delegation INSECURE

www.ajira.go.tz;.;1;8;192.115.106.35#53(192.115.106.35);SECURE
www.ajira.go.tz;tz.;1;8;198.97.190.53#53(h.root-servers.net);SECURE
www.ajira.go.tz;ajira.go.tz.;1;10;77.72.229.254#53(fork.sth.dnsnode.net);SECURE
www.ajira.go.tz;ajira.go.tz.;1;5;154.118.231.82#53(ns1.eganet.go.tz);SECURE

www.thairath.co.th;.;1;8;192.115.106.35#53(192.115.106.35);SECURE
www.thairath.co.th;th.;1;8;199.7.91.13#53(d.root-servers.net);SECURE
www.thairath.co.th;2K4NV1D5MV5D5BP1DFIECJKFMO7K6B0P.co.th.;1;8;202.28.0.1#53(ns.thnic.net);SECURE
www.thairath.co.th;thairath.co.th.;0;-1;167.114.118.169#53(ns4.thairath.co.th);Delegation INSECURE, Server not responsive to queries over TCP

www.shopee.co.th;.;1;8;192.115.106.35#53(192.115.106.35);SECURE
www.shopee.co.th;th.;1;8;198.97.190.53#53(h.root-servers.net);SECURE
www.shopee.co.th;SHQ74PFE9S9BT7SK80BED2O4TGSOGF13.co.th.;1;8;149.20.64.3#53(sfba.sns-pb.isc.org);SECURE
www.shopee.co.th;shopee.co.th.;0;-1;205.251.196.225#53(ns-1249.awsdns-28.org);Delegation INSECURE

www.lazada.co.th;.;1;8;192.115.106.35#53(192.115.106.35);SECURE
www.lazada.co.th;th.;1;8;192.58.128.30#53(j.root-servers.net);SECURE
www.lazada.co.th;31485GICTV58VH0NG52DF12G9A6ALJLM.co.th.;1;8;204.61.216.126#53(p.thains.co.th);SECURE
www.lazada.co.th;www.lazada.co.th.;0;-1;140.205.67.254#53(ns2.alibabadns.com);Delegation INSECURE, ERROR: SOA RR not matching zone name was returned with the NODATA response, Server responded with no OPT record, Name Error: Subdomains don't exist

www.cinema.tl;.;1;8;192.115.106.35#53(192.115.106.35);SECURE
www.cinema.tl;tl.;1;8;192.5.5.241#53(f.root-servers.net);SECURE, NS names not found in authoritative
www.cinema.tl;J067V31KOEMCJETELOU4E51F4T4MN7NF.tl.;1;8;185.17.236.93#53(ns.cocca.fr);Delegation INSECURE, NS names not found in authoritative, Server not responsive to queries over UDP
www.cinema.tl;www.cinema.tl.;0;-1;43.254.58.221#53(dns2.telemor.tl);INSECURE

www.telemor.tl;.;1;8;192.115.106.35#53(192.115.106.35);SECURE
www.telemor.tl;tl.;1;8;198.97.190.53#53(h.root-servers.net);SECURE, NS names not found in authoritative
www.telemor.tl;J067V31KOEMCJETELOU4E51F4T4MN7NF.tl.;1;8;204.61.216.19#53(ns.anycast.nic.tl);Delegation INSECURE, NS names not found in authoritative, Server not responsive to queries over UDP
www.telemor.tl;www.telemor.tl.;0;-1;43.254.58.221#53(dns2.telemor.tl);INSECURE

www.tatoli.tl;.;1;8;192.115.106.35#53(192.115.106.35);SECURE
www.tatoli.tl;tl.;1;8;198.41.0.4#53(a.root-servers.net);SECURE, NS names not found in authoritative
www.tatoli.tl;044TS4QR7EST52OOISO4L8LAFFKNOO4P.tl.;1;8;185.17.236.93#53(ns.cocca.fr);Delegation INSECURE, NS names not found in authoritative, Server not responsive to queries over UDP
www.tatoli.tl;www.tatoli.tl.;0;-1;150.242.110.10#53(ns1.telkomcel.net);Delegation INSECURE, ERROR: Response had an invalid RCODE, ERROR: The server responded over UDP with malformed response or invalid RCODE, ERROR: The server responded over TCP with malformed response or invalid RCODE

www.univ-kara.tg;.;1;8;192.115.106.35#53(192.115.106.35);SECURE
www.univ-kara.tg;tg.;1;8;192.36.148.17#53(i.root-servers.net);Delegation INSECURE, AAAA authoritative records exist but no AAAA corresponding glue records, Server not responsive to queries over UDP
www.univ-kara.tg;univ-kara.tg.;0;-1;80.248.68.12#53(ns2.nic.tg);Delegation INSECURE, AAAA authoritative records exist but no AAAA corresponding glue records
www.univ-kara.tg;pf36-web.online.net.;0;-1;195.154.228.249#53(ns0.online.net);INSECURE

www.dbs.tg;.;1;8;192.115.106.35#53(192.115.106.35);SECURE
www.dbs.tg;tg.;1;8;199.9.14.201#53(b.root-servers.net);Delegation INSECURE, AAAA authoritative records exist but no AAAA corresponding records
www.dbs.tg;dbs.tg.;0;-1;80.248.64.20#53(tld.cafe.tg);Delegation INSECURE, Server not responsive to queries over UDP
www.dbs.tg;www.dbs.tg.;0;-1;79.143.182.242#53(ns1.contabo.net);Delegation INSECURE,

www.univ-lome.tg;.;1;8;192.115.106.35#53(192.115.106.35);SECURE
www.univ-lome.tg;tg.;1;8;199.9.14.201#53(b.root-servers.net);Delegation INSECURE, AAAA authoritative records exist but no AAAA corresponding records, Glue addresses differ from authoritative addresses, Server not responsive to queries over UDP
www.univ-lome.tg;univ-lome.tg.;0;-1;80.248.68.12#53(ns2.nic.tg);Delegation INSECURE
www.univ-lome.tg;-1;0;-1;80.248.64.3#53(ns1.cafe.tg);INSECURE, ERROR: Response had an invalid RCODE, Server not responsive to queries over UDP

www.cnc3.co.tt;.;1;8;192.115.106.35#53(192.115.106.35);SECURE
www.cnc3.co.tt;tt.;1;8;192.203.230.10#53(e.root-servers.net);SECURE
www.cnc3.co.tt;U9P6CKLBS6AK16BKSRPL0V62FAGEAGQ6.tt.;1;8;200.33.111.1#53(ns3.nic.mx);Delegation INSECURE
www.cnc3.co.tt;www.cnc3.co.tt.;0;-1;173.245.59.120#53(ivan.ns.cloudflare.com);INSECURE

www.newsday.co.tt;.;1;8;192.115.106.35#53(192.115.106.35);SECURE
www.newsday.co.tt;tt.;1;8;192.33.4.12#53(c.root-servers.net);SECURE
www.newsday.co.tt;U9P6CKLBS6AK16BKSRPL0V62FAGEAGQ6.tt.;1;8;192.5.4.1#53(sns-pb.isc.org);Delegation INSECURE
www.newsday.co.tt;newsday.co.tt.;0;-1;67.228.254.4#53(ns1.softlayer.com);INSECURE

www.guardian.co.tt;.;1;8;192.115.106.35#53(192.115.106.35);SECURE
www.guardian.co.tt;tt.;1;8;198.41.0.4#53(a.root-servers.net);SECURE
www.guardian.co.tt;be9moe56434q0chfvtkq71o4i1cb3eic.tt.;1;8;193.0.9.50#53(ripe.nic.tt);Delegation INSECURE, AAAA authoritative records exist but no AAAA corresponding glue records, ERROR: The server for the parent zone responded with a referral instead of answering authoritatively for the DS RR type.
www.guardian.co.tt;www.guardian.co.tt.;0;-1;173.245.59.120#53(ivan.ns.cloudflare.com);INSECURE

www.optioncarriere.tn;.;1;8;192.115.106.35#53(192.115.106.35);SECURE
www.optioncarriere.tn;tn.;1;8;198.97.190.53#53(h.root-servers.net);SECURE
www.optioncarriere.tn;optioncarriere.tn.;1;8;41.228.62.63#53(ns1.ati.tn);Delegation INSECURE
www.optioncarriere.tn;optioncarriere.tn.;0;-1;193.164.202.16#53(ns6.careerjet.net);INSECURE

www.ecolenumerique.tn;.;1;8;192.115.106.35#53(192.115.106.35);SECURE
www.ecolenumerique.tn;tn.;1;8;192.36.148.17#53(i.root-servers.net);SECURE
www.ecolenumerique.tn;ecolenumerique.tn.;1;8;192.93.0.4#53(ns2.nic.fr);Delegation INSECURE
www.ecolenumerique.tn;ecolenumerique.tn.;0;-1;41.228.62.61#53(ns4.ati.tn);INSECURE

www.devoir.tn;.;1;8;192.115.106.35#53(192.115.106.35);SECURE
www.devoir.tn;tn.;1;8;202.12.27.33#53(m.root-servers.net);SECURE
www.devoir.tn;devoir.tn.;1;8;192.93.0.4#53(ns2.nic.fr);Delegation INSECURE, NS names not found in authoritative 
www.devoir.tn;www.devoir.tn.;0;-1;196.203.63.121#53(ns1.tn.ovh.net);INSECURE

www.aksam.com.tr;.;1;8;192.115.106.35#53(192.115.106.35);SECURE
www.aksam.com.tr;tr.;1;8;193.0.14.129#53(k.root-servers.net);Delegation INSECURE, ERROR: Server not responsive to queries over UDP 
www.aksam.com.tr;aksam.com.tr.;0;-1;185.7.0.3#53(ns42.nic.tr);Delegation INCOMPLETE, ERROR: No delegation NS records were detected in the parent zone, SOA RR not matching zone name was returned with the NODATA response, Server not responsive to queries over UDP
www.aksam.com.tr;www.aksam.com.tr.;0;-1;173.245.58.197#53(megan.ns.cloudflare.com);Delegation INSECURE

www.sozcu.com.tr;.;1;8;192.115.106.35#53(192.115.106.35);SECURE
www.sozcu.com.tr;tr.;1;8;192.203.230.10#53(e.root-servers.net);Delegation INSECURE, ERROR: Server not responsive to queries over UDP
www.sozcu.com.tr;sozcu.com.tr.;0;-1;162.88.54.1#53(ns91.nic.tr);Delegation INCOMPLETE, ERROR: No delegation NS records were detected in the parent zone, SOA RR not matching zone name was returned with the NODATA response, Server not responsive to queries over UDP
www.sozcu.com.tr;sozcu.com.tr.;0;-1;205.251.195.111#53(ns-879.awsdns-45.net);Delegation INSECURE

www.hurriyet.com.tr;.;1;8;192.115.106.35#53(192.115.106.35);SECURE
www.hurriyet.com.tr;tr.;1;8;192.36.148.17#53(i.root-servers.net);Delegation INSECURE, ERROR: Server not responsive to queries over UDP
www.hurriyet.com.tr;hurriyet.com.tr.;0;-1;162.88.55.1#53(ns92.nic.tr);Delegation INCOMPLETE, ERROR: No delegation NS records were detected in the parent zone, SOA RR not matching zone name was returned with the NODATA response, Server not responsive to queries over UDP
www.hurriyet.com.tr;www.hurriyet.com.tr.;0;-1;212.31.1.1#53(hurdns01.hurriyet.com.tr);Delegation INCOMPLETE, NS names not found in authoritative, ERROR: Response had an invalid RCODE

www.tmcell.tm;.;1;8;192.115.106.35#53(192.115.106.35);SECURE
www.tmcell.tm;tm.;1;8;199.9.14.201#53(b.root-servers.net);SECURE
www.tmcell.tm;dajaq8fq35ng7v80v8rmcbm8h8l4hqmd.tm.;1;8;64.251.31.180#53(ns-d1.tm);Delegation INSECURE, Glue addresses differ from authoritative addresses
www.tmcell.tm;tmcell.tm.;0;-1;193.200.21.3#53(ns2.tmcell.tm);INSECURE, ERROR: Server not responsive to queries over UDP

www.online.tm;.;1;8;192.115.106.35#53(192.115.106.35);SECURE
www.online.tm;tm.;1;8;199.7.91.13#53(d.root-servers.net);SECURE
www.online.tm;ki39dboms19l08o3pemj7tvr48fts06f.tm.;1;8;80.249.100.44#53(ns-l1.tm);Delegation INSECURE, NS names not found in authoritative
www.online.tm;online.tm.;0;-1;217.174.239.141#53(webns2.telecom.tm);INSECURE, ERROR: Server not responsive to queries over UDP

www.telecom.tm;.;1;8;192.115.106.35#53(192.115.106.35);SECURE
www.telecom.tm;tm.;1;8;192.203.230.10#53(e.root-servers.net);SECURE
www.telecom.tm;nt4f6u8558pbe7vbd504j99iljfs4c2n.tm.;1;8;194.0.2.22#53(ns-a2.tm);Delegation INSECURE, NS names not found in authoritative
www.telecom.tm;telecom.tm.;0;-1;217.174.239.141#53(webns2.telecom.tm);INSECURE, ERROR: Server not responsive to queries over UDP

www.betway.ug;.;1;8;192.115.106.35#53(192.115.106.35);SECURE
www.betway.ug;ug.;1;8;193.0.14.129#53(k.root-servers.net);SECURE, NS names not found in authoritative
www.betway.ug;FO8HHJNU81IJP3N6GPJ8HFIOINF4A441.ug.;1;8;212.88.97.132#53(root.eahd.or.ug));Delegation INSECURE
www.betway.ug;www.betway.ug.;0;-1;173.245.59.109#53(dave.ns.cloudflare.com);INSECURE

www.observer.ug;.;1;8;192.115.106.35#53(192.115.106.35);SECURE
www.observer.ug;ug.;1;8;192.36.148.17#53(i.root-servers.net);SECURE, NS names not found in authoritative
www.observer.ug;fo8hhjnu81ijp3n6gpj8hfioinf4a441.ug.;1;8;199.4.138.53#53(ns.icann.org);Delegation INSECURE
www.observer.ug;observer.ug.;0;-1;198.20.80.187#53(ns2.usm1057.sgded.com);INSECURE

www.jumia.ug;.;1;8;192.115.106.35#53(192.115.106.35);SECURE
www.jumia.ug;ug.;1;8;199.9.14.201#53(b.root-servers.net);SECURE, NS names not found in authoritative
www.jumia.ug;FO8HHJNU81IJP3N6GPJ8HFIOINF4A441.ug.;1;8;212.88.97.132#53(root.eahd.or.ug);Delegation INSECURE
www.jumia.ug;jumia.ug.;0;-1;205.251.192.133#53(ns-133.awsdns-16.com);Delegation INSECURE

www.gismeteo.ua;.;1;8;192.115.106.35#53(192.115.106.35);SECURE
www.gismeteo.ua;ua.;1;8;192.33.4.12#53(c.root-servers.net);SECURE, ERROR: TTL of RRSET exceeds the value of the original TTL field of the RRSIG RR covering it
www.gismeteo.ua;PT9RV80I0I84EPLFAAAPNTHRVECCLJJ0.ua.;1;10;192.5.4.1#53(sns-pb.isc.org);Delegation INSECURE, NS names not found in authoritative
www.gismeteo.ua;gismeteo.ua.;0;-1;92.242.43.216#53(ns3.gismeteo.net);INSECURE

www.prom.ua;.;1;8;192.115.106.35#53(192.115.106.35);SECURE
www.prom.ua;ua.;1;8;192.203.230.10#53(e.root-servers.net);SECURE, ERROR: TTL of RRSET exceeds the value of the original TTL field of the RRSIG RR covering it
www.prom.ua;5GMUF726BRJ1FR404H4UUUA8J42R5LJ6.ua.;1;10;192.5.4.1#53(sns-pb.isc.org);Delegation INSECURE
www.prom.ua;prom.ua.;0;-1;185.86.57.255#53(ns2.uaprom.net);INSECURE

www.olx.ua;.;1;8;192.115.106.35#53(192.115.106.35);SECURE
www.olx.ua;ua.;1;8;198.97.190.53#53(h.root-servers.net);SECURE, ERROR: TTL of RRSET exceeds the value of the original TTL field of the RRSIG RR covering it
www.olx.ua;k0ad1tmqj9q50a8k5vtoek645u6nkgbe.ua.;1;10;74.123.224.40#53(in1.ns.ua);Delegation INSECURE, NS names not found in authoritative, AAAA authoritative records exist but no AAAA corresponding glue records
www.olx.ua;olx.ua.;0;-1;205.251.194.118#53(ns-630.awsdns-14.net);Delegation INSECURE

www.tajawal.ae;.;1;8;192.115.106.35#53(192.115.106.35);SECURE
www.tajawal.ae;ae.;1;8;192.5.5.241#53(f.root-servers.net);Delegation INSECURE
www.tajawal.ae;tajawal.ae.;0;-1;199.4.137.1#53(nsext-pch.aedns.ae);Delegation INSECURE, Glue addresses differ from authoritative addresses
www.tajawal.ae;tajawal.ae.;0;-1;205.251.194.180#53(ns-692.awsdns-22.net);INSECURE

www.rehlat.ae;.;1;8;192.115.106.35#53(192.115.106.35);SECURE
www.rehlat.ae;ae.;1;8;198.97.190.53#53(h.root-servers.net);Delegation INSECURE
www.rehlat.ae;rehlat.ae.;0;-1;202.12.31.53#53(ns4.apnic.net);Delegation INSECURE, Glue addresses differ from authoritative addresses
www.rehlat.ae;www.rehlat.ae.;0;-1;23.111.186.202#53(ns1.instradns.com);INSECURE

www.cleartrip.ae;.;1;8;192.115.106.35#53(192.115.106.35);SECURE
www.cleartrip.ae;ae.;1;8;193.0.14.129#53(k.root-servers.net);Delegation INSECURE
www.cleartrip.ae;cleartrip.ae.;0;-1;79.98.121.73#53(ns2.aedns.ae);Delegation INSECURE, NS names not found in authoritative, AAAA authoritative records exist but no AAAA corresponding glue records
www.cleartrip.ae;www.cleartrip.ae.;0;-1;204.13.250.26#53(ns2.p26.dynect.net);Delegation INSECURE, Glue addresses differ from authoritative addresses

www.rightmove.co.uk;.;1;8;192.115.106.35#53(192.115.106.35);SECURE
www.rightmove.co.uk;uk.;1;8;199.9.14.201#53(b.root-servers.net);SECURE
www.rightmove.co.uk;bnhs3227f1hrgfi165eoj383n3agg2ps.co.uk.;1;8;43.230.48.1#53(dns4.nic.uk);SECURE
www.rightmove.co.uk;www.rightmove.co.uk.;0;-1;213.161.77.66#53(ns1.rightmove.co.uk);Delegation INSECURE

www.dailymail.co.uk;.;1;8;192.115.106.35#53(192.115.106.35);SECURE
www.dailymail.co.uk;uk.;1;8;198.97.190.53#53(h.root-servers.net);SECURE
www.dailymail.co.uk;gomiuqn6g1ltrpbglk6vcsitdr7pis6g.co.uk.;1;8;103.49.80.1#53(dns2.nic.uk);SECURE
www.dailymail.co.uk;www.dailymail.co.uk.;0;-1;23.211.133.64#53(a6-64.akam.net);Delegation INSECURE, NS names not found in authoritative, AAAA authoritative records exist but no AAAA corresponding glue records

www.bbc.co.uk;.;1;8;192.115.106.35#53(192.115.106.35);SECURE
www.bbc.co.uk;uk.;1;8;192.5.5.241#53(f.root-servers.net);SECURE
www.bbc.co.uk;TP2SFUK8GL59V3TCVHK2DBGOD4LP2VPK.co.uk.;1;8;156.154.101.3#53(nsb.nic.uk);SECURE
www.bbc.co.uk;www.bbc.co.uk.;0;-1;156.154.66.17#53(ns3.bbc.co.uk);Delegation INSECURE, NS names not found in authoritative, The response was malformed until EDNS was disabled, ERROR: The response was malformed

www.craigslist.org;.;1;8;192.115.106.35#53(192.115.106.35);SECURE
www.craigslist.org;org.;1;8;202.12.27.33#53(m.root-servers.net);SECURE
www.craigslist.org;k4i2fjanhpemhfhihl01u2lnauu4gbgf.org.;1;7;199.19.54.1#53(b0.org.afilias-nst.org);Delegation INSECURE
www.craigslist.org;g.craigslist.org.;0;-1;208.82.238.72#53(ns2f.craigslist.org);Delegation INSECURE, Server responded with no OPT record

www.instructure.com;.;1;8;192.115.106.35#53(192.115.106.35);SECURE
www.instructure.com;com.;1;8;198.97.190.53#53(h.root-servers.net);SECURE
www.instructure.com;T8IR9JV4UR52IOU4R8KC2FSVHSEL0V2S.com.;1;8;192.26.92.30#53(c.gtld-servers.net);Delegation INSECURE, NS names not found in authoritative
www.instructure.com;www.instructure.com.;0;-1;208.80.124.13#53(ns6.dnsmadeeasy.com);INSECURE

www.imgur.com;.;1;8;192.115.106.35#53(192.115.106.35);SECURE
www.imgur.com;com.;1;8;192.33.4.12#53(c.root-servers.net);SECURE
www.imgur.com;2VMRBIJV4OFSAMPQ5G01JQ9A3867T9CB.com.;1;8;192.26.92.30#53(c.gtld-servers.net);Delegation INSECURE
www.imgur.com;www.imgur.com.;0;-1;198.51.44.67#53(dns3.p03.nsone.net);INSECURE

www.farmashop.com.uy;.;1;8;192.115.106.35#53(192.115.106.35);SECURE
www.farmashop.com.uy;uy.;1;8;199.9.14.201#53(b.root-servers.net);SECURE
www.farmashop.com.uy;AVB4JT843H730B2IELPL18EUG6TQ2RE8.uy.;1;8;192.5.4.1#53(sns-pb.isc.org);Delegation INSECURE
www.farmashop.com.uy;farmashop.com.uy.;0;-1;200.40.220.254#53(ns2.anteldata.com.uy);Delegation INSECURE, AAAA authoritative records exist but no AAAA corresponding glue records

www.elpais.com.uy;.;1;8;192.115.106.35#53(192.115.106.35);SECURE
www.elpais.com.uy;uy.;1;8;202.12.27.33#53(m.root-servers.net);SECURE
www.elpais.com.uy;elpais.com.uy.;0;-1;200.40.220.254#53(ns2.anteldata.com.uy);Delegation INSECURE
www.elpais.com.uy;www.elpais.com.uy.;0;-1;173.245.59.203#53(mario.ns.cloudflare.com);Delegation INSECURE

www.brou.com.uy;.;1;8;192.115.106.35#53(192.115.106.35);SECURE
www.brou.com.uy;uy.;1;8;199.9.14.201#53(b.root-servers.net);SECURE
www.brou.com.uy;AVB4JT843H730B2IELPL18EUG6TQ2RE8.uy.;1;8;200.160.0.5#53(ns.dns.br);Delegation INSECURE
www.brou.com.uy;brou.com.uy.;0;-1;200.40.30.254#53(ns1.anteldata.com.uy);Delegation INSECURE
www.brou.com.uy;brou.com.uy.;0;-1;200.40.231.18#53(ns1.brou.com.uy);INSECURE

www.kun.uz;.;1;8;192.115.106.35#53(192.115.106.35);SECURE
www.kun.uz;uz.;1;8;199.7.91.13#53(d.root-servers.net);Delegation INSECURE
www.kun.uz;kun.uz.;0;-1;83.69.129.33#53(ns6.uz);Delegation INSECURE, NS names not found in authoritative
www.kun.uz;kun.uz.;0;-1;94.20.21.236#53(dns3.webspace.uz);INSECURE

www.olx.uz;.;1;8;192.115.106.35#53(192.115.106.35);SECURE
www.olx.uz;uz.;1;8;202.12.27.33#53(m.root-servers.net);Delegation INSECURE
www.olx.uz;olx.uz.;0;-1;217.12.81.129#53(ns5.uz);Delegation INSECURE, Server not responsive to queries over TCP
www.olx.uz;olx.uz.;0;-1;195.158.29.145#53(ns2.olx.uz);INSECURE

www.mover.uz;.;1;8;192.115.106.35#53(192.115.106.35);SECURE
www.mover.uz;uz.;1;8;192.58.128.30#53(j.root-servers.net);Delegation INSECURE
www.mover.uz;mover.uz.;0;-1;83.69.129.33#53(ns6.uz);Delegation INSECURE, NS names not found in authoritative
www.mover.uz;mover.uz.;0;-1;81.95.224.65#53(ns2.sarkor.uz);INSECURE

www.bancaribe.com.ve;.;1;8;192.115.106.35#53(192.115.106.35);SECURE
www.bancaribe.com.ve;ve.;1;8;198.41.0.4#53(a.root-servers.net);Delegation INSECURE, ERROR: No response was received over UDP (tried 12 times), Server not responsive to queries over UDP
www.bancaribe.com.ve;bancaribe.com.ve.;0;-1;192.5.4.1#53(sns-pb.isc.org);Delegation INSECURE, NS names not found in authoritative
www.bancaribe.com.ve;eastus.cloudapp.azure.com.;0;-1;200.74.224.52#53(globalswitch4.daycohost.com);Delegation INSECURE, ERROR: Server not responsive to queries over UDP

www.bod.com.ve;.;1;8;192.115.106.35#53(192.115.106.35);SECURE
www.bod.com.ve;ve.;1;8;202.12.27.33#53(m.root-servers.net);Delegation INSECURE, ERROR: No response was received over UDP (tried 4 times), ERROR: No response was received over TCP (tried 10 times), ERROR: Server not responsive to queries over UDP, ERROR: Server not responsive to queries over TCP, NS names not found in authoritative
www.bod.com.ve;bod.com.ve.;0;-1;190.202.128.43#53(ns4.nic.ve);Delegation INSECURE, ERROR: Response had an invalid RCODE, The response had an invalid RCODE until the COOKIE EDNS option was removed
www.bod.com.ve;www.bod.com.ve.;0;-1;200.59.184.9#53(ns5.bodmillenium.com);INSECURE

www.bnc.com.ve;.;1;8;192.115.106.35#53(192.115.106.35);SECURE
www.bnc.com.ve;ve.;1;8;192.112.36.4#53(g.root-servers.net);Delegation INSECURE, ERROR: No response was received over UDP (tried 4 times), ERROR: Server not responsive to queries over UDP, ERROR: Server responded over TCP with a malformed response or an invalid RCODE
www.bnc.com.ve;bnc.com.ve.;0;-1;190.202.128.43#53(ns4.nic.ve);Delegation INSECURE
www.bnc.com.ve;www.bnc.com.ve.;0;-1;209.244.5.52#53(ns19.customer.level3.net);INSECURE

www.thethao247.vn;.;1;8;192.115.106.35#53(192.115.106.35);SECURE
www.thethao247.vn;vn.;1;8;198.97.190.53#53(h.root-servers.net);SECURE
www.thethao247.vn;MURDUBMG8N6P4K5MI41QPP4AG28VV67H.vn.;1;8;203.119.60.105#53(e.dns-servers.vn);Delegation INSECURE
www.thethao247.vn;www.thethao247.vn.;0;-1;173.245.58.113#53(erin.ns.cloudflare.com);INSECURE

www.vtv.vn;.;1;8;192.115.106.35#53(192.115.106.35);SECURE
www.vtv.vn;vn.;1;8;192.112.36.4#53(g.root-servers.net);SECURE
www.vtv.vn;0BHJGBMPPFJS7KB64OU3GNMQDDKE7JEB.vn.;1;8;203.119.68.105#53(f.dns-servers.vn);Delegation INSECURE, NS names not found in authoritative
www.vtv.vn;-1;0;-1;210.245.0.131#53(dns1.fpt.vn);INSECURE, ERROR: Response had an invalid RCODE, The response had an invalid RCODE until the COOKIE EDNS option was removed

www.zing.vn;.;1;8;192.115.106.35#53(192.115.106.35);SECURE
www.zing.vn;vn.;1;8;192.203.230.10#53(e.root-servers.net);SECURE
www.zing.vn;8PER5RNV5N5LRS7PV8IK711RE6FMS8GI.vn.;1;8;203.119.38.105#53(c.dns-servers.vn);Delegation INSECURE
www.zing.vn;www.zing.vn.;0;-1;104.155.229.180#53(ns2.sonthuy.com.vn);INSECURE

www.teleyemen.com.ye;.;1;8;192.115.106.35#53(192.115.106.35);SECURE
www.teleyemen.com.ye;ye.;1;8;192.33.4.12#53(c.root-servers.net);Delegation INSECURE, NS names not found in authoritative, ERROR: Server not responsive to queries over UDP
www.teleyemen.com.ye;teleyemen.com.ye.;0;-1;65.162.184.33#53(ns1.yemen.net.ye);Delegation INSECURE, ERROR: Server not responsive to queries over UDP

www.yemenmobile.com.ye;.;1;8;192.115.106.35#53(192.115.106.35);SECURE
www.yemenmobile.com.ye;ye.;1;8;198.41.0.4#53(a.root-servers.net);Delegation INSECURE, NS names not found in authoritative
www.yemenmobile.com.ye;yemenmobile.com.ye.;0;-1;195.94.0.34#53(sah1.ye);Delegation INSECURE, ERROR: Server not responsive to queries over UDP

www.yemen.net.ye;.;1;8;192.115.106.35#53(192.115.106.35);SECURE
www.yemen.net.ye;ye.;1;8;199.9.14.201#53(b.root-servers.net);Delegation INSECURE, NS names not found in authoritative, ERROR: Server not responsive to queries over UDP, AAAA authoritative records exist but no AAAA corresponding glue records
www.yemen.net.ye;www.yemen.net.ye.;0;-1;195.94.0.35#53(sah2.ye);Delegation INCOMPLETE, No delegation NS records were detected in the parent zone

www.betway.co.zm;.;1;8;192.115.106.35#53(192.115.106.35);SECURE
www.betway.co.zm;zm.;1;8;199.7.91.13#53(d.root-servers.net);Delegation INSECURE, ERROR: Server not responsive to queries over UDP
www.betway.co.zm;betway.co.zm.;0;-1;204.61.216.73#53(pch.nic.zm);Delegation BOGUS, ERROR: No secure entry point because no valid RRSIG made by a key corresponding to a DS RR covered the DNSKEY RRset, ERROR: The DS RRset for the zone included algorithm 8 but no DS RR matched a DNSKEY with algorithm 8 that signs the zone's DNSKEY RRset, ERROR: No RRSIG covering the RRset was returned in response, ERROR: Server not responsive to queries over UDP
www.betway.co.zm;www.betway.co.zm.;0;-1;173.245.58.129#53(leah.ns.cloudflare.com);Delegation BOGUS, ERROR: No NSEC RR was returned to validate the NODATA response

www.betpawa.co.zm;.;1;8;192.115.106.35#53(192.115.106.35);SECURE
www.betpawa.co.zm;zm.;1;8;192.58.128.30#53(j.root-servers.net);Delegation INSECURE, ERROR: Server not responsive to queries over UDP
www.betpawa.co.zm;betpawa.co.zm.;0;-1;185.28.194.194#53(gransy.nic.zm);Delegation BOGUS, ERROR: No secure entry point because no valid RRSIG made by a key corresponding to a DS RR covered the DNSKEY RRset, ERROR: The DS RRset for the zone included algorithm 8 but no DS RR matched a DNSKEY with algorithm 8 that signs the zone's DNSKEY RRset, ERROR: No RRSIG covering the RRset was returned in response, ERROR: Server not responsive to queries over UDP, ERROR: No RRSIG covering the RRset was returned in response
www.betpawa.co.zm;betpawa.co.zm.;0;-1;205.251.198.237#53(ns-1773.awsdns-29.co.uk);Delegation BOGUS, NS names found in authoritative NS RRset but not in the delegation NS RRset, ERROR: No NSEC RR was returned to validate the NODATA response 

www.unza.zm;.;1;8;192.115.106.35#53(192.115.106.35);SECURE
www.unza.zm;zm.;1;8;192.58.128.30#53(j.root-servers.net);Delegation INSECURE,ERROR: Server not responsive to queries over UDP
www.unza.zm;unza.zm.;0;-1;185.28.194.194#53(gransy.nic.zm);Delegation INSECURE, NS names not found in authoritative, Glue addresses differ from authoritative addresses, ERROR: NS name did not resolve to address, ERROR: Server not responsive to queries over UDP
www.unza.zm;unza.zm.;0;-1;41.63.1.10#53(ns2.unza.zm);INSECURE

www.uz.ac.zw;.;1;8;192.115.106.35#53(192.115.106.35);SECURE
www.uz.ac.zw;zw.;1;8;202.12.27.33#53(m.root-servers.net);Delegation INSECURE, ERROR: No response was received over UDP (tried 4 times), ERROR: Server not responsive to queries over UDP, ERROR: Server responded over TCP with a malformed response or an invalid RCODE
www.uz.ac.zw;ac.zw.;0;-1;194.133.122.42#53(ns2.telone.co.zw);Delegation INSECURE, No response was received from server until EDNS was disabled, ERROR: No response was received over UDP (tried 11 times), ERROR: The server for the parent zone responded with a referral instead of answering authoritatively for the DS RR type.
www.uz.ac.zw;uz.ac.zw.;0;-1;196.4.80.242#53(uofzns02.uz.ac.zw);Delegation INSECURE, ERROR: The server for the parent zone responded with a referral instead of answering authoritatively for the DS RR type, ERROR: Response had an invalid RCODE, ERROR: Server did not respond authoritatively for the namespace

www.newsday.co.zw;.;1;8;192.115.106.35#53(192.115.106.35);SECURE
www.newsday.co.zw;zw.;1;8;192.203.230.10#53(e.root-servers.net);Delegation INSECURE, ERROR: No response was received over UDP (tried 4 times), ERROR: Server not responsive to queries over UDP
www.newsday.co.zw;co.zw.;0;-1;204.61.216.128#53(zw-ns.anycast.pch.net);Delegation INSECURE, AAAA authoritative records exist but no AAAA corresponding glue records, ERROR: No response was received over UDP (tried 4 times), ERROR: The server for the parent zone responded with a referral instead of answering authoritatively for the DS RR type
www.newsday.co.zw;www.newsday.co.zw.;0;-1;5.11.11.10#53(ns2.liquidtelecom.net);Delegation INSECURE

www.herald.co.zw;.;1;8;192.115.106.35#53(192.115.106.35);SECURE
www.herald.co.zw;zw.;1;8;192.58.128.30#53(j.root-servers.net);Delegation INSECURE, ERROR: No response was received over UDP (tried 4 times), ERROR: No response was received over UDP (tried 12 times), ERROR: Server not responsive to queries over UDP, ERROR: The server responded over TCP with malformed response or invalid RCODE
www.herald.co.zw;co.zw.;0;-1;204.61.216.128#53(zw-ns.anycast.pch.net);Delegation INSECURE, No response was received until the UDP payload size was decreased, indicating that the server might be attempting to send a payload that exceeds the path maximum transmission unit size, ERROR: The server for the parent zone responded with a referral instead of answering authoritatively for the DS RR type
www.herald.co.zw;herald.co.zw.;0;-1;160.119.253.235#53(ns3.zispa.org.zw);Delegation INSECURE, ERROR: The server for the parent zone responded with a referral instead of answering authoritatively for the DS RR type
www.herald.co.zw;www.herald.co.zw.;0;-1;173.245.58.131#53(lisa.ns.cloudflare.com);INSECURE

www.csdn.net;.;1;8;192.115.106.35#53(192.115.106.35);SECURE
www.csdn.net;net.;1;8;192.203.230.10#53(e.root-servers.net);SECURE
www.csdn.net;J7KCSAU80B16736NKF1R4ISJ4BIN3H6K.net.;1;8;192.31.80.30#53(d.gtld-servers.net);Delegation INSECURE
www.csdn.net;www.csdn.net.;0;-1;170.33.24.74#53(vip4.alidns.com);INSECURE

www.oschina.net;.;1;8;192.115.106.35#53(192.115.106.35);SECURE
www.oschina.net;net.;1;8;199.9.14.201#53(b.root-servers.net);SECURE
www.oschina.net;55E9V5KRRSKVR1UUKSA80GDBSH46LGUH.net.;1;8;192.5.6.30#53(a.gtld-servers.net);Delegation INSECURE
www.oschina.net;-1;0;-1;59.36.120.143#53(ns2.dnsv2.com);INSECURE, No response was received over UDP (tried 6 times) until the COOKIE EDNS option was removed, ERROR: No response was received over UDP (tried 4 times), ERROR: No response was received over TCP (tried 10 times), ERROR: No response was received over TCP

www.sourceforge.net;.;1;8;192.115.106.35#53(192.115.106.35);SECURE
www.sourceforge.net;net.;1;8;192.33.4.12#53(c.root-servers.net);SECURE
www.sourceforge.net;QTH9MN3B8JIB7KJ4GL441K3S0NBLF0HP.net.;1;8;192.12.94.30#53(e.gtld-servers.net);Delegation INSECURE, NS names found in authoritative NS RRset but not in the delegation NS RRset
www.sourceforge.net;sourceforge.net.;0;-1;208.80.124.2#53(ns1.dnsmadeeasy.com);INSECURE

www.google.com;.;1;8;192.115.106.35#53(192.115.106.35);SECURE
www.google.com;com.;1;8;192.33.4.12#53(c.root-servers.net);SECURE
www.google.com;S84BDVKNH5AGDSI7F5J0O3NPRHU0G7JQ.com.;1;8;192.55.83.30#53(m.gtld-servers.net);Delegation INSECURE
www.google.com;www.google.com.;0;-1;216.239.36.10#53(ns3.google.com);INSECURE

www.youtube.com;.;1;8;192.115.106.35#53(192.115.106.35);SECURE
www.youtube.com;com.;1;8;199.9.14.201#53(b.root-servers.net);SECURE
www.youtube.com;H5AFUO3I0LH6F8E99I5O39A51U0PHMVI.com.;1;8;192.54.112.30#53(h.gtld-servers.net);Delegation INSECURE
www.youtube.com;youtube-ui.l.google.com.;0;-1;216.239.34.10#53(ns2.google.com);Delegation INSECURE, ERROR: SOA RR not matching zone name was returned with the NODATA response

www.facebook.com;.;1;8;192.115.106.35#53(192.115.106.35);SECURE
www.facebook.com;com.;1;8;192.203.230.10#53(e.root-servers.net);SECURE
www.facebook.com;I28FR7CPSC0NAN7MFB7VRGH5K8CSQL9D.com.;1;8;192.55.83.30#53(m.gtld-servers.net);Delegation INSECURE
www.facebook.com;www.facebook.com.;0;-1;69.171.239.12#53(a.ns.facebook.com);Delegation INSECURE

www.wikipedia.org;.;1;8;192.115.106.35#53(192.115.106.35);SECURE
www.wikipedia.org;org.;1;8;192.203.230.10#53(e.root-servers.net);SECURE
www.wikipedia.org;hhdkj29uji44onob8fm7tnl1n6nes0jb.org.;1;7;199.19.56.1#53(a0.org.afilias-nst.info);Delegation INSECURE
www.wikipedia.org;www.wikipedia.org.;0;-1;91.198.174.239#53(ns2.wikimedia.org);INSECURE

www.ucsusa.org;.;1;8;192.115.106.35#53(192.115.106.35);SECURE
www.ucsusa.org;org.;1;8;192.203.230.10#53(e.root-servers.net);SECURE
www.ucsusa.org;0c6d97vhhocra5gin6cgsggbt26tuqaa.org.;1;7;199.249.112.1#53(a2.org.afilias-nst.info);Delegation INSECURE
www.ucsusa.org;www.ucsusa.org.;0;-1;173.245.58.59#53(ali.ns.cloudflare.com);INSECURE

www.world-nuclear.org;.;1;8;192.115.106.35#53(192.115.106.35);SECURE
www.world-nuclear.org;org.;1;8;192.112.36.4#53(g.root-servers.net);SECURE, ERROR: Server not responsive to queries over UDP
www.world-nuclear.org;d8atced1p4qdi47uv7il2chs6i5jbf0h.org.;1;7;199.19.56.1#53(a0.org.afilias-nst.info);Delegation INSECURE
www.world-nuclear.org;www.world-nuclear.org.;0;-1;81.29.76.78#53(hydra.knowall.net);Delegation INSECURE

www.nist.gov;.;1;8;192.115.106.35#53(192.115.106.35);SECURE
www.nist.gov;gov.;1;8;193.0.14.129#53(k.root-servers.net);SECURE
www.nist.gov;nist.gov.;1;8;209.112.123.30#53(b.gov-servers.net);SECURE
www.nist.gov;www.nist.gov.;1;7;129.6.13.3#53(gea.nist.gov);SECURE

www.nsf.gov;.;1;8;192.115.106.35#53(192.115.106.35);SECURE
www.nsf.gov;gov.;1;8;192.58.128.30#53(j.root-servers.net);SECURE
www.nsf.gov;nsf.gov.;1;8;81.19.194.30#53(d.gov-servers.net);SECURE
www.nsf.gov;www.nsf.gov.;1;5;128.150.2.56#53(ns2.nsf.gov);SECURE

www.research.gov;.;1;8;192.115.106.35#53(192.115.106.35);SECURE
www.research.gov;gov.;1;8;192.58.128.30#53(j.root-servers.net);SECURE
www.research.gov;research.gov.;1;8;209.112.123.30#53(b.gov-servers.net);SECURE
www.research.gov;www.research.gov.;1;5;204.14.134.242#53(ns3.nsf.gov);SECURE

www.eea.europa.eu;.;1;8;192.115.106.35#53(192.115.106.35);SECURE
www.eea.europa.eu;eu.;1;8;192.112.36.4#53(g.root-servers.net);SECURE
www.eea.europa.eu;IEPUIB522KIJ82P0PO4RFLI1UGAC7OFT.eu.;1;8;162.88.56.1#53(z.dns.eu);Delegation INSECURE, NS names not found in authoritative
www.eea.europa.eu;eea.europa.eu.;0;-1;147.67.12.3#53(ns2lux.europa.eu);Delegation INSECURE
www.eea.europa.eu;eea.europa.eu.;0;-1;52.209.245.104#53(ns4.eea.europa.eu);INSECURE

www.mercator-research.eu;.;1;8;192.115.106.35#53(192.115.106.35);SECURE
www.mercator-research.eu;eu.;1;8;192.203.230.10#53(e.root-servers.net);SECURE
www.mercator-research.eu;S5PNAEEQDLVH3U29ESTK3TMSSE7OD62F.eu.;1;8;195.66.241.178#53(uk.dns.eu);Delegation INSECURE
www.mercator-research.eu;www.mercator-research.eu.;0;-1;192.87.106.101#53(ns1.surfnet.nl);INSECURE

www.language-diversity.eu;.;1;8;192.115.106.35#53(192.115.106.35);SECURE
www.language-diversity.eu;eu.;1;8;192.112.36.4#53(g.root-servers.net);SECURE
www.language-diversity.eu;ABQO01P7DHBI2C1ND8TF9SEVVRVOU6KU.eu.;1;8;185.151.141.1#53(x.dns.eu);Delegation INSECURE
www.language-diversity.eu;language-diversity.eu.;0;-1;213.239.242.238#53(ns1.first-ns.de);INSECURE

www.baidu.com;.;1;8;192.115.106.35#53(192.115.106.35);SECURE
www.baidu.com;com.;1;8;192.5.5.241#53(f.root-servers.net);SECURE
www.baidu.com;HPVV2B5N85O7HJJRB7690IB5UVF9O9UA.com.;1;8;192.33.14.30#53(b.gtld-servers.net);Delegation INSECURE, NS names not found in authoritative, NS names found in authoritative NS RRset but not in the delegation NS RRset
www.baidu.com;a.shifen.com.;0;-1;180.76.76.92#53(ns7.baidu.com);INSECURE, Server responded with no OPT record rather with RCODE FORMERR.

www.qq.com;.;1;8;192.115.106.35#53(192.115.106.35);SECURE
www.qq.com;com.;1;8;199.7.91.13#53(d.root-servers.net);SECURE
www.qq.com;J97567G9DNF0C32H8NOSB0GCO4QCQMHJ.com.;1;8;192.5.6.30#53(a.gtld-servers.net);Delegation INSECURE, Glue addresses differ from authoritative addresses, ERROR: No response was received from the server over UDP (tried 4 times), ERROR: Server not responsive to queries over UDP, ERROR: The server responded over TCP with malformed response or invalid RCODE
www.qq.com;-1;0;-1;183.3.226.207#53(ns1.qq.com);Delegation INSECURE, No response was received over UDP (tried 6 times) until the COOKIE EDNS option was removed, ERROR: The server for the parent zone responded with a referral instead of answering authoritatively for the DS RR type, The server returned CNAME, but records of other types exist at that name, ERROR: Response had an invalid RCODE, Server responded with no OPT record rather with RCODE FORMERR,ERROR: SOA RR not matching zone name was returned with the NODATA response, ERROR: No response was received from the server over UDP (tried 4 times), ERROR: The server responded over TCP with malformed response or invalid RCODE

www.taobao.com;.;1;8;192.115.106.35#53(192.115.106.35);SECURE
www.taobao.com;com.;1;8;199.7.91.13#53(d.root-servers.net);SECURE
www.taobao.com;D9N2NBDP552JID7GKU1AT4Q7OVJ57K56.com.;1;8;192.31.80.30#53(d.gtld-servers.net);Delegation INSECURE
www.taobao.com;www.taobao.com.;0;-1;106.11.35.25#53(ns7.taobao.com);INSECURE, Server responded with no OPT record rather with RCODE FORMERR, The Authoritative Answer flag was set in the referral response, ERROR: No SOA RR was returned with the NODATA response

www.tmall.com;.;1;8;192.115.106.35#53(192.115.106.35);SECURE
www.tmall.com;com.;1;8;198.97.190.53#53(h.root-servers.net);SECURE
www.tmall.com;AQCPHCAB8REGDQ6TEUD0HJIT5I8UK8J0.com.;1;8;192.31.80.30#53(d.gtld-servers.net);Delegation INSECURE
www.tmall.com;www.tmall.com.;0;-1;140.205.122.33#53(ns5.taobao.com);INSECURE, Server responded with no OPT record rather with RCODE FORMERR, The Authoritative Answer flag was set in the referral response, ERROR: No SOA RR was returned with the NODATA response

www.yahoo.com;.;1;8;192.115.106.35#53(192.115.106.35);SECURE
www.yahoo.com;com.;1;8;198.97.190.53#53(h.root-servers.net);SECURE
www.yahoo.com;GPIOA4970I2O157LM54IIF7U3FAL9TP9.com.;1;8;192.33.14.30#53(b.gtld-servers.net);Delegation INSECURE
www.yahoo.com;wg1.b.yahoo.com.;0;-1;119.160.253.83#53(ns5.yahoo.com);Delegation INSECURE

www.twitter.com;.;1;8;192.115.106.35#53(192.115.106.35);SECURE
www.twitter.com;com.;1;8;202.12.27.33#53(m.root-servers.net);SECURE
www.twitter.com;7T78MR71KDI8C670A98GO9VALH35JH9R.com.;1;8;192.43.172.30#53(i.gtld-servers.net);Delegation INSECURE, NS names not found in authoritative, NS names found in authoritative NS RRset but not in the delegation NS RRset
www.twitter.com;twitter.com.;0;-1;205.251.192.179#53(a.r06.twtrdns.net);INSECURE

www.sohu.com;.;1;8;192.115.106.35#53(192.115.106.35);SECURE
www.sohu.com;com.;1;8;192.5.5.241#53(f.root-servers.net);SECURE
www.sohu.com;77KD4D6257GLF5P5TMHBR8J635D4F4J4.com.;1;8;192.35.51.30#53(f.gtld-servers.net);Delegation INSECURE, Glue addresses differ from authoritative addresses
www.sohu.com;a.sohu.com.;0;-1;125.254.154.167#53(ns15.sohu.com);Delegation INSECURE, Glue addresses differ from authoritative addresses, ERROR: The server responded over TCP with malformed response or invalid RCODE

www.reddit.com;.;1;8;192.115.106.35#53(192.115.106.35);SECURE
www.reddit.com;com.;1;8;192.33.4.12#53(c.root-servers.net);SECURE
www.reddit.com;1LGHPVK178ILK3BU56T49T5J6H1JFF2J.com.;1;8;192.41.162.30#53(l.gtld-servers.net);Delegation INSECURE, AAAA authoritative records exist but no AAAA corresponding glue records
www.reddit.com;reddit.com.;0;-1;205.251.193.122#53(ns-378.awsdns-47.com);INSECURE

www.instagram.com;.;1;8;192.115.106.35#53(192.115.106.35);SECURE
www.instagram.com;com.;1;8;192.5.5.241#53(f.root-servers.net);SECURE
www.instagram.com;5PLV06LAACAB4I2NRISTAKOOLPPF2ETL.com.;1;8;192.54.112.30#53(h.gtld-servers.net);Delegation INSECURE, AAAA authoritative records exist but no AAAA corresponding glue records
www.instagram.com;instagram.com.;0;-1;205.251.199.224#53(ns-2016.awsdns-60.co.uk);Delegation INSECURE

www.jd.com;.;1;8;192.115.106.35#53(192.115.106.35);SECURE
www.jd.com;com.;1;8;199.7.91.13#53(d.root-servers.net);SECURE
www.jd.com;VCN61V6E8RJN4R24GKDTFMUBGC610E4P.com.;1;8;192.41.162.30#53(l.gtld-servers.net);Delegation INSECURE, NS names found in authoritative NS RRset but not in the delegation NS RRset
www.jd.com;www.jd.com.gslb.qianxun.com.;0;-1;111.13.28.10#53(ns1.jdcache.com);Delegation INSECURE
